Workbook

Sheet Global Unit Master
A1: S.No | B1: Unit Code | C1: Unit Description | D1: Unit
A2: 1 | B2: UN001 | C2: Metre | D2: m
A3: 2 | B3: UN002 | C3: Square metre | D3: m2
A4: 3 | B4: UN003 | C4: Cubic metre | D4: m3
A5: 4 | B5: UN004 | C5: Feet | D5: ft
A6: 5 | B6: UN005 | C6: Square feet | D6: ft2
A7: 6 | B7: UN006 | C7: Cubic feet | D7: ft3
A8: 7 | B8: UN007 | C8: Number | D8: nos
A9: 8 | B9: UN008 | C9: Board | D9: board
A10: 9 | B10: UN009 | C10: Each | D10: each
A11: 10 | B11: UN010 | C11: Sheet | D11: sheet
A12: 11 | B12: UN011 | C12: Litre | D12: ltr
A13: 12 | B13: UN012 | C13: Millimetre | D13: mm
... A38: 37 | B38: UN037 | C38: Pair | D38: pair

Sheet Global Resource Category Master
A1: Sl. No. | B1: Resource Category Code | C1: Resource Category Description
A2: 1 | B2: RM001 | C2: Material
A3: 2 | B3: RM002 | C3: Labour
A4: 3 | B4: RM003 | C4: Plant
A5: 4 | B5: RM004 | C5: Machinery
A6: 5 | B6: RM005 | C6: Tools
A7: 6 | B7: RM006 | C7: Equipment
A8: 7 | B8: RM007 | C8: Sub-Contract
A9: 8 | B9: RM008 | C9: Logistics
A10: 9 | B10: RM009 | C10: Provisional Sum
A11: 10 | B11: RM010 | C11: Overhead
A12: 11 | B12: RM011 | C12: Consumables
A13: 12 | B13: RM012 | C13: Miscellaneous

Sheet Global Resource Master
A1: Sl. No. | B1: Resource Code | C1: Resource Category | D1: Resource Type | E1: Resource Sub-type | F1: Resource Description | G1: Resource Unit | H1: Resource Specification | I1: Brand | J1: Global Wastage % | K1: Global Rate
A2: 1 | B2: CIV-M-CEM-001 | C2: Material | D2: Civil | E2: Cement | F2: Cement OPC 33 Grade | G2: bag | H2: 1 bag = 3kg | J2: 0.1 | K2: 100
A3: 2 | B3: CIV-M-CEM-002 | C3: Material | D3: Civil | E3: Cement | F3: Cement OPC 43 Grade | G3: bag | H3: 1 bag = 3kg | J3: 0.1 | K3: 100
A4: 3 | B4: CIV-M-CEM-003 | C4: Material | D4: Civil | E4: Cement | F4: Cement OPC 53 Grade | G4: bag | H4: 1 bag = 3kg | J4: 0.1 | K4: 100
A5: 4 | B5: CIV-M-CEM-004 | C5: Material | D5: Civil | E5: Cement | F5: Cement PPC 33 Grade | G5: bag | H5: 1 bag = 3kg | J5: 0.1 | K5: 100
A6: 5 | B6: CIV-M-CEM-005 | C6: Material | D6: Civil | E6: Cement | F6: Cement PPC 43 Grade | G6: bag | H6: 1 bag = 3kg | J6: 0.1 | K6: 100
A7: 6 | B7: CIV-M-CEM-006 | C7: Material | D7: Civil | E7: Cement | F7: Cement PPC 53 Grade | G7: bag | H7: 1 bag = 3kg | J7: 0.1 | K7: 100
A8: 7 | B8: CIV-M-SND-001 | C8: Material | D8: Civil | E8: Sand | F8: River Sand Grade A | G8: unit | H8: 1 unit = 100 cft | J8: 0.1 | K8: 100
A9: 8 | B9: CIV-M-SND-002 | C9: Material | D9: Civil | E9: Sand | F9: River Sand Grade B | G9: unit | H9: 1 unit = 100 cft | J9: 0.1 | K9: 100
A10: 9 | B10: CIV-M-SND-003 | C10: Material | D10: Civil | E10: Sand | F10: River Sand Grade C | G10: unit | H10: 1 unit = 100 cft | J10: 0.1 | K10: 100
A11: 10 | B11: CIV-M-SND-004 | C11: Material | D11: Civil | E11: Sand | F11: M-Sand Grade A | G11: unit | H11: 1 unit = 100 cft | J11: 0.1 | K11: 100
A12: 11 | B12: CIV-M-SND-005 | C12: Material | D12: Civil | E12: Sand | F12: M-Sand Grade B | G12: unit | H12: 1 unit = 100 cft | J12: 0.1 | K12: 100
A13: 12 | B13: CIV-M-SND-006 | C13: Material | D13: Civil | E13: Sand | F13: M-Sand Grade C | G13: unit | H13: 1 unit = 100 cft | J13: 0.1 | K13: 100
... A17: 16 | B17: CIV-M-SND-010 | C17: Material | D17: Civil | E17: Sand | F17: P-Sand Grade C | G17: unit | H17: 1 unit = 100 cft | J17: 0.1 | K17: 100
A18: 17 | B18: CIV-M-WTR-001 | C18: Material | D18: Civil | E18: Water | F18: Water - Grade A | G18: ltr | J18: 0.1 | K18: 100
A19: 18 | B19: CIV-M-WTR-002 | C19: Material | D19: Civil | E19: Water | F19: Water - Grade B | G19: ltr | J19: 0.1 | K19: 100
A20: 19 | B20: CIV-M-WTR-003 | C20: Material | D20: Civil | E20: Water | F20: Water - Grade C | G20: ltr | J20: 0.1 | K20: 100
A21: 20 | B21: CIV-M-BRK-001 | C21: Material | D21: Civil | E21: Brick | F21: Brick Grade A | G21: nos | J21: 0.1 | K21: 100
A22: 21 | B22: CIV-M-BRK-002 | C22: Material | D22: Civil | E22: Brick | F22: Brick Grade B | G22: nos | J22: 0.1 | K22: 100
A23: 22 | B23: CIV-M-BRK-003 | C23: Material | D23: Civil | E23: Brick | F23: Brick Grade C | G23: nos | J23: 0.1 | K23: 100
A24: 23 | B24: CIV-M-BRK-004 | C24: Material | D24: Civil | E24: Brick | F24: Hollow Block Grade A | G24: nos | J24: 0.1 | K24: 100
A25: 24 | B25: CIV-M-BRK-005 | C25: Material | D25: Civil | E25: Brick | F25: Hollow Block Grade B | G25: nos | J25: 0.1 | K25: 100
A26: 25 | B26: CIV-M-BRK-006 | C26: Material | D26: Civil | E26: Brick | F26: Hollow Block Grade C | G26: nos | J26: 0.1 | K26: 100
A27: 26 | B27: CIV-M-BRK-007 | C27: Material | D27: Civil | E27: Brick | F27: Solid Block Grade A | G27: nos | J27: 0.1 | K27: 100
A28: 27 | B28: CIV-M-BRK-008 | C28: Material | D28: Civil | E28: Brick | F28: Solid Block Grade B | G28: nos | J28: 0.1 | K28: 100
A29: 28 | B29: CIV-M-BRK-009 | C29: Material | D29: Civil | E29: Brick | F29: Solid Block Grade C | G29: nos | J29: 0.1 | K29: 100
A30: 29 | B30: CIV-M-STL-001 | C30: Material | D30: Civil | E30: Steel | F30: Reinforcement - 6mm | G30: rod | H30: 1 rod = 11 m or 33 ft | J30: 0.1 | K30: 100
A31: 30 | B31: CIV-M-STL-002 | C31: Material | D31: Civil | E31: Steel | F31: Reinforcement - 9mm | G31: rod | H31: 1 rod = 11 m or 33 ft | J31: 0.1 | K31: 100
A32: 31 | B32: CIV-M-STL-003 | C32: Material | D32: Civil | E32: Steel | F32: Reinforcement - 12mm | G32: rod | H32: 1 rod = 11 m or 33 ft | J32: 0.1 | K32: 100
A33: 32 | B33: CIV-M-STL-004 | C33: Material | D33: Civil | E33: Steel | F33: Reinforcement - 15mm | G33: rod | H33: 1 rod = 11 m or 33 ft | J33: 0.1 | K33: 100
A34: 33 | B34: CIV-M-STL-005 | C34: Material | D34: Civil | E34: Steel | F34: Reinforcement - 18mm | G34: rod | H34: 1 rod = 11 m or 33 ft | J34: 0.1 | K34: 100
A35: 34 | B35: CIV-M-STL-006 | C35: Material | D35: Civil | E35: Steel | F35: Reinforcement - 22mm | G35: rod | H35: 1 rod = 11 m or 33 ft | J35: 0.1 | K35: 100
A36: 35 | B36: CIV-M-STL-007 | C36: Material | D36: Civil | E36: Steel | F36: Reinforcement - 25mm | G36: rod | H36: 1 rod = 11 m or 33 ft | J36: 0.1 | K36: 100
A37: 36 | B37: CIV-M-STL-008 | C37: Material | D37: Civil | E37: Steel | F37: Reinforcement - 30mm | G37: rod | H37: 1 rod = 11 m or 33 ft | J37: 0.1 | K37: 100
A38: 37 | B38: CIV-M-STL-009 | C38: Material | D38: Civil | E38: Steel | F38: Reinforcement - 40mm | G38: rod | H38: 1 rod = 11 m or 33 ft | J38: 0.1 | K38: 100
A39: 38 | B39: CIV-M-STL-010 | C39: Material | D39: Civil | E39: Steel | F39: Binding Wire | G39: kg | J39: 0.1 | K39: 100
A40: 39 | B40: ID-M-BRD-001 | C40: Material | D40: ID | E40: Boards | F40: 3mm MDF - Normal | G40: board | H40: 1220 x 2440mm | I40: Panel plus | J40: 0.1 | K40: 100
A41: 40 | B41: ID-M-BRD-002 | C41: Material | D41: ID | E41: Boards | F41: 4mm MDF - Normal | G41: board | H41: 1220 x 2440mm | I41: Panel plus | J41: 0.1 | K41: 100
A42: 41 | B42: ID-M-BRD-003 | C42: Material | D42: ID | E42: Boards | F42: 6mm MDF - Normal | G42: board | H42: 1220 x 2440mm | I42: Panel plus | J42: 0.1 | K42: 100
A43: 42 | B43: ID-M-BRD-004 | C43: Material | D43: ID | E43: Boards | F43: 9mm MDF - Normal | G43: board | H43: 1220 x 2440mm | I43: Panel plus | J43: 0.1 | K43: 100
A44: 43 | B44: ID-M-BRD-005 | C44: Material | D44: ID | E44: Boards | F44: 12mm MDF - Normal | G44: board | H44: 1220 x 2440mm | I44: Panel plus | J44: 0.1 | K44: 100
A45: 44 | B45: ID-M-BRD-006 | C45: Material | D45: ID | E45: Boards | F45: 15mm MDF - Normal | G45: board | H45: 1220 x 2440mm | I45: Panel plus | J45: 0.1 | K45: 100
A46: 45 | B46: ID-M-BRD-007 | C46: Material | D46: ID | E46: Boards | F46: 18mm MDF - Normal | G46: board | H46: 1220 x 2440mm | I46: Panel plus | J46: 0.1 | K46: 100
A47: 46 | B47: ID-M-BRD-008 | C47: Material | D47: ID | E47: Boards | F47: 22mm MDF - Normal | G47: board | H47: 1220 x 2440mm | I47: Panel plus | J47: 0.1 | K47: 100
A48: 47 | B48: ID-M-BRD-009 | C48: Material | D48: ID | E48: Boards | F48: 25mm MDF - Normal | G48: board | H48: 1220 x 2440mm | I48: Panel plus | J48: 0.1 | K48: 100
A49: 48 | B49: ID-M-BRD-010 | C49: Material | D49: ID | E49: Boards | F49: 30mm MDF - Normal | G49: board | H49: 1220 x 2440mm | I49: Panel plus | J49: 0.1 | K49: 100
A50: 49 | B50: ID-M-BRD-011 | C50: Material | D50: ID | E50: Boards | F50: 40mm MDF - Normal | G50: board | H50: 1220 x 2440mm | I50: Panel plus | J50: 0.1 | K50: 100
A51: 50 | B51: ID-M-BRD-012 | C51: Material | D51: ID | E51: Boards | F51: 3mm MDF - MR Grade | G51: board | H51: 1220 x 2440mm | I51: Panel plus | J51: 0.1 | K51: 100
... A83: 82 | B83: ID-M-BRD-044 | C83: Material | D83: ID | E83: Boards | F83: 40mm MDF - FR & MR Grade | G83: board | H83: 1220 x 2440mm | I83: Century ply | J83: 0.1 | K83: 100
A84: 83 | B84: ID-M-BRD-045 | C84: Material | D84: ID | E84: Boards | F84: 3mm MF MDF - Normal - 1F | G84: board | H84: 1220 x 2440mm | J84: 0.1 | K84: 100
A85: 84 | B85: ID-M-BRD-046 | C85: Material | D85: ID | E85: Boards | F85: 4mm MF MDF - Normal - 1F | G85: board | H85: 1220 x 2440mm | J85: 0.1 | K85: 100
A86: 85 | B86: ID-M-BRD-047 | C86: Material | D86: ID | E86: Boards | F86: 6mm MF MDF - Normal - 1F | G86: board | H86: 1220 x 2440mm | J86: 0.1 | K86: 100
A87: 86 | B87: ID-M-BRD-048 | C87: Material | D87: ID | E87: Boards | F87: 9mm MF MDF - Normal - 1F | G87: board | H87: 1220 x 2440mm | J87: 0.1 | K87: 100
A88: 87 | B88: ID-M-BRD-049 | C88: Material | D88: ID | E88: Boards | F88: 12mm MF MDF - Normal - 1F | G88: board | H88: 1220 x 2440mm | J88: 0.1 | K88: 100
A89: 88 | B89: ID-M-BRD-050 | C89: Material | D89: ID | E89: Boards | F89: 15mm MF MDF - Normal - 1F | G89: board | H89: 1220 x 2440mm | J89: 0.1 | K89: 100
A90: 89 | B90: ID-M-BRD-051 | C90: Material | D90: ID | E90: Boards | F90: 18mm MF MDF - Normal - 1F | G90: board | H90: 1220 x 2440mm | J90: 0.1 | K90: 100
A91: 90 | B91: ID-M-BRD-052 | C91: Material | D91: ID | E91: Boards | F91: 22mm MF MDF - Normal - 1F | G91: board | H91: 1220 x 2440mm | J91: 0.1 | K91: 100
A92: 91 | B92: ID-M-BRD-053 | C92: Material | D92: ID | E92: Boards | F92: 25mm MF MDF - Normal - 1F | G92: board | H92: 1220 x 2440mm | J92: 0.1 | K92: 100
A93: 92 | B93: ID-M-BRD-054 | C93: Material | D93: ID | E93: Boards | F93: 30mm MF MDF - Normal - 1F | G93: board | H93: 1220 x 2440mm | J93: 0.1 | K93: 100
A94: 93 | B94: ID-M-BRD-055 | C94: Material | D94: ID | E94: Boards | F94: 40mm MF MDF - Normal - 1F | G94: board | H94: 1220 x 2440mm | J94: 0.1 | K94: 100
A95: 94 | B95: ID-M-BRD-056 | C95: Material | D95: ID | E95: Boards | F95: 3mm MF MDF - MR Grade - 1F | G95: board | H95: 1220 x 2440mm | J95: 0.1 | K95: 100
... A347: 346 | B347: ID-M-BRD-308 | C347: Material | D347: ID | E347: Boards | F347: 40mm Plywood - FR & MR Grade | G347: board | H347: 1220 x 2440mm | J347: 0.1 | K347: 100
A348: 347 | B348: ID-M-WD-001 | C348: Material | D348: ID | E348: Wood | F348: Meranti wood - 2" x 6" - AD | G348: cft | J348: 0.1 | K348: 100
A349: 348 | B349: ID-M-WD-002 | C349: Material | D349: ID | E349: Wood | F349: Meranti wood - 2" x 8" - AD | G349: cft | J349: 0.1 | K349: 100
A350: 349 | B350: ID-M-WD-003 | C350: Material | D350: ID | E350: Wood | F350: Meranti wood - 2" x 10" - AD | G350: cft | J350: 0.1 | K350: 100
A351: 350 | B351: ID-M-WD-004 | C351: Material | D351: ID | E351: Wood | F351: Meranti wood - 2" x 12" - AD | G351: cft | J351: 0.1 | K351: 100
A352: 351 | B352: ID-M-WD-005 | C352: Material | D352: ID | E352: Wood | F352: Ash wood - 2" x 6" - AD | G352: cft | J352: 0.1 | K352: 100
A353: 352 | B353: ID-M-WD-006 | C353: Material | D353: ID | E353: Wood | F353: Ash wood - 2" x 8" - AD | G353: cft | J353: 0.1 | K353: 100
A354: 353 | B354: ID-M-WD-007 | C354: Material | D354: ID | E354: Wood | F354: Ash wood - 2" x 10" - AD | G354: cft | J354: 0.1 | K354: 100
A355: 354 | B355: ID-M-WD-008 | C355: Material | D355: ID | E355: Wood | F355: Ash wood - 2" x 12" - AD | G355: cft | J355: 0.1 | K355: 100
A356: 355 | B356: ID-M-WD-009 | C356: Material | D356: ID | E356: Wood | F356: Beech wood - 2" x 6" - AD | G356: cft | J356: 0.1 | K356: 100
A357: 356 | B357: ID-M-WD-010 | C357: Material | D357: ID | E357: Wood | F357: Beech wood - 2" x 8" - AD | G357: cft | J357: 0.1 | K357: 100
A358: 357 | B358: ID-M-WD-011 | C358: Material | D358: ID | E358: Wood | F358: Beech wood - 2" x 10" - AD | G358: cft | J358: 0.1 | K358: 100
A359: 358 | B359: ID-M-WD-012 | C359: Material | D359: ID | E359: Wood | F359: Beech wood - 2" x 12" - AD | G359: cft | J359: 0.1 | K359: 100
... A436: 435 | B436: ID-M-LM-006 | C436: Material | D436: ID | E436: Laminate | F436: Oak Laminate | G436: sheet | J436: 0.1 | K436: 100
A437: 436 | B437: ID-M-DR-001 | C437: Material | D437: ID | E437: Door Core | F437: 44mm thick NON FR Hollow Door Core | G437: board | H437: 1220 x 2440mm | J437: 0.1 | K437: 100
A438: 437 | B438: ID-M-DR-002 | C438: Material | D438: ID | E438: Door Core | F438: 44mm thick NON FR Solid Door Core | G438: board | H438: 915 x 2135mm | J438: 0.1 | K438: 100
A439: 438 | B439: ID-M-DR-003 | C439: Material | D439: ID | E439: Door Core | F439: 33mm thick NON FR Hollow Door Core | G439: board | H439: 1220 x 2440mm | J439: 0.1 | K439: 100
A440: 439 | B440: ID-M-DR-004 | C440: Material | D440: ID | E440: Door Core | F440: 33mm thick NON FR Solid Door Core | G440: board | H440: 915 x 2135mm | J440: 0.1 | K440: 100
A441: 440 | B441: ID-M-DR-005 | C441: Material | D441: ID | E441: Door Core | F441: 38mm thick NON FR Hollow Door Core | G441: board | H441: 1220 x 2440mm | J441: 0.1 | K441: 100
A442: 441 | B442: ID-M-DR-006 | C442: Material | D442: ID | E442: Door Core | F442: 38mm thick NON FR Solid Door Core | G442: board | H442: 915 x 2135mm | J442: 0.1 | K442: 100
A443: 442 | B443: ID-M-DR-007 | C443: Material | D443: ID | E443: Door Core | F443: 44mm thick 30mins FR Door Core | G443: board | H443: 1220 x 2440mm | J443: 0.1 | K443: 100
A444: 443 | B444: ID-M-DR-008 | C444: Material | D444: ID | E444: Door Core | F444: 44mm thick 30mins FR Door Core | G444: board | H444: 915 x 2135mm | J444: 0.1 | K444: 100
A445: 444 | B445: ID-M-DR-009 | C445: Material | D445: ID | E445: Door Core | F445: 54mm thick 60mins FR Door Core | G445: board | H445: 1220 x 2440mm | J445: 0.1 | K445: 100
A446: 445 | B446: ID-M-DR-010 | C446: Material | D446: ID | E446: Door Core | F446: 54mm thick 60mins FR Door Core | G446: board | H446: 915 x 2135mm | J446: 0.1 | K446: 100
A447: 446 | B447: ID-M-DR-011 | C447: Material | D447: ID | E447: Door Core | F447: 64mm thick 90mins FR Door Core | G447: board | H447: 1220 x 2440mm | J447: 0.1 | K447: 100
A448: 447 | B448: ID-M-DR-012 | C448: Material | D448: ID | E448: Door Core | F448: 64mm thick 90mins FR Door Core | G448: board | H448: 915 x 2135mm | J448: 0.1 | K448: 100
... A476: 475 | B476: ID-M-HRD-026 | C476: Material | D476: ID | E476: Hardware | F476: Drawer Runner - Bottom Mounted - 600mm | G476: pair | H476: soft-closing | J476: 0.1 | K476: 100
A477: 476 | B477: ID-M-HRD-027 | C477: Material | D477: ID | E477: Hardware | F477: Drawer Lock - Single | G477: nos | J477: 0.1 | K477: 100
A478: 477 | B478: ID-M-HRD-028 | C478: Material | D478: ID | E478: Hardware | F478: Drawer Lock - Double | G478: nos | J478: 0.1 | K478: 100
A479: 478 | B479: ID-M-HRD-029 | C479: Material | D479: ID | E479: Hardware | F479: Drawer Lock - Triple | G479: nos | J479: 0.1 | K479: 100
A480: 479 | B480: ID-M-HRD-030 | C480: Material | D480: ID | E480: Hardware | F480: Cabinet Lock | G480: nos | J480: 0.1 | K480: 100
A481: 480 | B481: ID-M-HRD-031 | C481: Material | D481: ID | E481: Hardware | F481: Push Catcher | G481: nos | J481: 0.1 | K481: 100
A482: 481 | B482: ID-M-HRD-032 | C482: Material | D482: ID | E482: Hardware | F482: Magnetic Push Catcher | G482: nos | J482: 0.1 | K482: 100
A483: 482 | B483: ID-M-HRD-033 | C483: Material | D483: ID | E483: Hardware | F483: Foot Glides | G483: nos | J483: 0.1 | K483: 100
A484: 483 | B484: ID-M-HRD-034 | C484: Material | D484: ID | E484: Hardware | F484: Shelf studs | G484: nos | J484: 0.1 | K484: 100
A485: 484 | B485: ID-M-HRD-035 | C485: Material | D485: ID | E485: Hardware | F485: Shelf sleeves | G485: nos | J485: 0.1 | K485: 100
A486: 485 | B486: ID-M-IRNM-001 | C486: Material | D486: ID | E486: Ironmongery | F486: Door Hinges - Non FR | G486: nos | J486: 0.1 | K486: 100
A487: 486 | B487: ID-M-IRNM-002 | C487: Material | D487: ID | E487: Ironmongery | F487: Door Hinges - FR | G487: nos | J487: 0.1 | K487: 100
A488: 487 | B488: ID-M-IRNM-003 | C488: Material | D488: ID | E488: Ironmongery | F488: Door Handle | G488: nos | J488: 0.1 | K488: 100
...

Sheet Client BOQ
A1: Project - Interior Refurbishment for Medical Institute, Location A
A2: Bill of Quantities
A3: Sl. No. | B3: Description | C3: Quantity | D3: Unit | E3: Rate | F3: Amount
A4: 1 | B4: Preliminaries
A6: a | B6: Site Co-ordination | C6: 1 | D6: L/s | F6: =E6*C6 -> 0
A8: b | B8: Shop Drawings | C8: 1 | D8: L/s | F8: =E8*C8 -> 0
A10: c | B10: As-Built Drawings | C10: 1 | D10: L/s | F10: =E10*C10 -> 0
A12: d | B12: Material Submittals | C12: 1 | D12: L/s | F12: =E12*C12 -> 0
A14: e | B14: Sample Preparation | C14: 1 | D14: L/s | F14: =E14*C14 -> 0
A16: f | B16: Mock-ups | C16: 1 | D16: L/s | F16: =E16*C16 -> 0
A18: g | B18: Bonds | C18: 1 | D18: L/s | F18: =E18*C18 -> 0
A20: h | B20: Site-Office Setup | C20: 1 | D20: L/s | F20: =E20*C20 -> 0
A22: i | B22: Insurances | C22: 1 | D22: L/s | F22: =E22*C22 -> 0
B24: Page 1 - Sub-total | F24: =SUM(F4:F23) -> 0
B26: Summary
B28: 1 - Preliminaries
B30: Page 1 - subtotal | F30: =F24 -> 0
B32: 1 - Preliminaries Sub-total | F32: =SUM(F26:F31) -> 0
A34: 2 | B34: Demolition
A36: a | B36: Demolition of Blockwork | C36: 1 | D36: L/s | F36: =E36*C36 -> 0
A38: b | B38: Demolition of Gypsum Partition | C38: 1 | D38: L/s | F38: =E38*C38 -> 0
A40: c | B40: Stripping out HVAC Systems | C40: 1 | D40: L/s | F40: =E40*C40 -> 0
A42: d | B42: Removal of Fire Sprinklers | C42: 1 | D42: L/s | F42: =E42*C42 -> 0
A44: e | B44: Removal of Smoke & Fire Detectors | C44: 1 | D44: L/s | F44: =E44*C44 -> 0
A46: f | B46: Removal of Fire Hose Reel | C46: 1 | D46: L/s | F46: =E46*C46 -> 0
A48: g | B48: Removal of Fire Water Piping | C48: 1 | D48: L/s | F48: =E48*C48 -> 0
A50: h | B50: Removal of IT items | C50: 1 | D50: L/s | F50: =E50*C50 -> 0
A52: i | B52: Removal of Loose Furniture | C52: 1 | D52: L/s | F52: =E52*C52 -> 0
B54: Page 3 - Sub-total | F54: =SUM(F34:F53) -> 0
A56: 2 | B56: Demolition (Contd.)
A58: j | B58: Removal of Wall Panelling | C58: 1 | D58: L/s | F58: =E58*C58 -> 0
A60: k | B60: Removal of Custom-Joinery | C60: 1 | D60: L/s | F60: =E60*C60 -> 0
A62: l | B62: Removal of CCTV | C62: 1 | D62: L/s | F62: =E62*C62 -> 0
A64: m | B64: Removal of Flooring | C64: 1 | D64: L/s | F64: =E64*C64 -> 0
A66: n | B66: Removal of Ceiling | C66: 1 | D66: L/s | F66: =E66*C66 -> 0
A68: o | B68: Removal of Signages | C68: 1 | D68: L/s | F68: =E68*C68 -> 0
A70: p | B70: Removal of Doors | C70: 1 | D70: L/s | F70: =E70*C70 -> 0
A72: q | B72: Removal of Windows | C72: 1 | D72: L/s | F72: =E72*C72 -> 0
A74: r | B74: Demolition of Glass Partition | C74: 1 | D74: L/s | F74: =E74*C74 -> 0
B76: Page 4 - Sub-total | F76: =SUM(F56:F75) -> 0
B78: Summary
B80: 2 - Demolition
B82: Page 3 - subtotal | F82: =F54 -> 0
B84: Page 4 - subtotal | F84: =F76 -> 0
B86: 2 - Demolition Sub-total | F86: =SUM(F78:F85) -> 0
A88: 3 | B88: Civil Works
A90: a | B90: M30 Concrete for Columns | C90: 1025 | D90: cbm | F90: =E90*C90 -> 0
A92: b | B92: M30 Concrete for Beams | C92: 100 | D92: cbm | F92: =E92*C92 -> 0
A94: c | B94: M30 Concrete for Slabs | C94: 400 | D94: cbm | F94: =E94*C94 -> 0
A96: d | B96: Pre-tensioning works | C96: 1 | D96: L/s | F96: =E96*C96 -> 0
A98: e | B98: Shuttering for Columns | C98: 6850 | D98: sqm | F98: =E98*C98 -> 0
A100: f | B100: Shuttering for Beams | C100: 1000 | D100: sqm | F100: =E100*C100 -> 0
A102: g | B102: Shuttering for Slabs | C102: 2000 | D102: sqm | F102: =E102*C102 -> 0
A104: h | B104: Scaffolding for Columns | C104: 6850 | D104: sqm | F104: =E104*C104 -> 0
A106: i | B106: Scaffolding for Beams | C106: 1400 | D106: sqm | F106: =E106*C106 -> 0
B108: Page 6 - Sub-total | F108: =SUM(F88:F107) -> 0
A110: 3 | B110: Civil Works (Contd.)
A112: j | B112: Scaffolding for Slabs | C112: 2000 | D112: sqm | F112: =E112*C112 -> 0
A114: k | B114: 100mm Gypsum Partitions | C114: 680 | D114: sqm | F114: =E114*C114 -> 0
A116: l | B116: 150mm Gypsum Partitions | C116: 680 | D116: sqm | F116: =E116*C116 -> 0
A118: m | B118: 200mm Gypsum Partitions | C118: 680 | D118: sqm | F118: =E118*C118 -> 0
A120: n | B120: 100mm Blockwork | C120: 1380 | D120: sqm | F120: =E120*C120 -> 0
A122: o | B122: 200mm Blockwork | C122: 1000 | D122: sqm | F122: =E122*C122 -> 0
A124: p | B124: Gypsum False Ceiling | C124: 300 | D124: sqm | F124: =E124*C124 -> 0
B126: Page 7 - Sub-total | F126: =SUM(F110:F125) -> 0
B128: Summary
B130: 3 - Civil Works
B132: Page 6 - subtotal | F132: =F108 -> 0
B134: Page 7 - subtotal | F134: =F126 -> 0
B136: 3 - Civil Works Sub-total | F136: =SUM(F128:F135) -> 0
A138: 4 | B138: Finishing Works
A140: a | B140: Column Plastering | C140: 6000 | D140: sqm | F140: =E140*C140 -> 0
A142: b | B142: Beam Plastering | C142: 3000 | D142: sqm | F142: =E142*C142 -> 0
A144: c | B144: Ceiling Plastering | C144: 1500 | D144: sqm | F144: =E144*C144 -> 0
A146: d | B146: Jamb finishing for Doors | C146: 75 | D146: sqm | F146: =E146*C146 -> 0
A148: e | B148: Jamb finishing for Windows | C148: 18 | D148: sqm | F148: =E148*C148 -> 0
A150: f | B150: 600x600mm Porcelain Tile Flooring | C150: 1500 | D150: sqm | F150: =E150*C150 -> 0
A152: g | B152: Interior Emulsion Paint Finish | C152: 3720 | D152: sqm | F152: =E152*C152 -> 0
A154: h | B154: Exerior Emulsion Paint Finish | C154: 1560 | D154: sqm | F154: =E154*C154 -> 0
A156: i | B156: Decorative Texture Plaster Finish | C156: 1000 | D156: sqm | F156: =E156*C156 -> 0
B158: Page 9 - Sub-total | F158: =SUM(F138:F157) -> 0
B160: Summary
B162: 4 - Finishing Works
B164: Page 9 - subtotal | F164: =F158 -> 0
B166: 4 - Finishing Works Sub-total | F166: =SUM(F160:F165) -> 0
A168: 5 | B168: Joinery Works
A170: a | B170: D1 - Door | C170: 20 | D170: Nos | F170: =E170*C170 -> 0
A172: b | B172: D2 - Door | C172: 10 | D172: Nos | F172: =E172*C172 -> 0
A174: c | B174: D3 - Door | C174: 10 | D174: Nos | F174: =E174*C174 -> 0
A176: d | B176: D4 - Door | C176: 5 | D176: Nos | F176: =E176*C176 -> 0
A178: e | B178: D5 - Door | C178: 10 | D178: Nos | F178: =E178*C178 -> 0
A180: f | B180: Wall Panelling A | C180: 160 | D180: sqm | F180: =E180*C180 -> 0
A182: g | B182: Wall Panelling B | C182: 80 | D182: sqm | F182: =E182*C182 -> 0
A184: h | B184: Ceiling Panelling | C184: 300 | D184: Nos | F184: =E184*C184 -> 0
A186: i | B186: Wardrobe A | C186: 15 | D186: Nos | F186: =E186*C186 -> 0
A188: j | B188: Wardrobe B | C188: 10 | D188: Nos | F188: =E188*C188 -> 0
A190: k | B190: Reception Desk | C190: 100 | D190: Nos | F190: =E190*C190 -> 0
B192: Page 11 - Sub-total | F192: =SUM(F168:F191) -> 0
B194: Summary
B196: 5 - Joinery Works
...

Sheet QTO-Demolition
A1: Sl. No. | B1: Drawing | C1: Description | D1: Item | E1: L | F1: B | G1: H | H1: Sub-Item | I1: Nos | J1: Nos | K1: L | L1: B | M1: H | N1: T | O1: Qty | P1: Area | Q1: Volume | R1: Perimeter | S1: Surface Area | T1: Demolition of Blockwork | U1: Demolition of Gypsum Partition | V1: Stripping out HVAC Systems | W1: Removal of Fire Sprinklers | X1: Removal of Smoke & Fire Detectors | Y1: Removal of Fire Hose Reel | Z1: Removal of Fire Water Piping | AA1: Removal of IT items | AB1: Removal of Loose Furniture | AC1: Removal of Wall Panelling | AD1: Removal of Custom-Joinery | AE1: Removal of CCTV | AF1: Removal of Flooring | AG1: Removal of Ceiling | AH1: Removal of Signages | AI1: Removal of Doors | AJ1: Removal of Windows | AK1: Demolition of Glass Partition
A2: 1 | B2: Ground Floor | C2: Area 1 | D2: Blockwork - 100 | E2: 10 | F2: 10 | G2: 3 | H2: Wall | I2: 1 | J2: 1 | K2: =(E2+F2)*2 -> 40 | L2: 1 | M2: 3 | N2: 0.1 | O2: =PRODUCT(I2:N2) -> 12 | T2: =O2 -> 12
A3: 2 | B3: Ground Floor | C3: Area 1 | D3: Wall Panelling | E3: 10 | F3: 10 | G3: 3 | H3: Wall | I3: 1 | J3: 1 | K3: =(E3+F3)*2 -> 40 | L3: 1 | M3: 3 | O3: =PRODUCT(I3:N3) -> 120 | AC3: =O3 -> 120
A4: 3 | B4: Ground Floor | C4: Area 1 | D4: Blockwork - 150 | E4: 10 | F4: 10 | G4: 3 | H4: Wall | I4: 1 | J4: 1 | K4: =(E4+F4)*2 -> 40 | L4: 1 | M4: 3 | N4: 0.15 | O4: =PRODUCT(I4:N4) -> 18 | T4: =O4 -> 18
A5: 4 | B5: Ground Floor | C5: Area 1 | D5: Blockwork - 200 | E5: 10 | F5: 10 | G5: 3 | H5: Wall | I5: 1 | J5: 1 | K5: =(E5+F5)*2 -> 40 | L5: 1 | M5: 3 | N5: 0.2 | O5: =PRODUCT(I5:N5) -> 24 | T5: =O5 -> 24
A6: 5 | B6: Ground Floor | C6: Area 1 | D6: Wall Panelling | E6: 10 | F6: 10 | G6: 3 | H6: Wall | I6: 1 | J6: 1 | K6: =(E6+F6)*2 -> 40 | L6: 1 | M6: 3 | O6: =PRODUCT(I6:N6) -> 120 | AC6: =O6 -> 120
A7: 6 | B7: Ground Floor | C7: Area 1 | D7: Flooring | E7: 10 | F7: 10 | G7: 3 | H7: Flooring | I7: 1 | J7: 1 | K7: =E7 -> 10 | L7: =F7 -> 10 | O7: =PRODUCT(I7:N7) -> 100 | AF7: =O7 -> 100
A8: 7 | B8: Ground Floor | C8: Area 1 | D8: Ceiling | E8: 10 | F8: 10 | G8: 3 | H8: Ceiling | I8: 1 | J8: 1 | K8: =E8 -> 10 | L8: =F8 -> 10 | O8: =PRODUCT(I8:N8) -> 100 | AG8: =O8 -> 100
A9: 8 | B9: Ground Floor | C9: Area 2 | D9: Blockwork - 250 | E9: 10 | F9: 10 | G9: 3 | H9: Wall | I9: 1 | J9: 1 | K9: =(E9+F9)*2 -> 40 | L9: 1 | M9: 3 | N9: 0.25 | O9: =PRODUCT(I9:N9) -> 30 | T9: =O9 -> 30
A10: 9 | B10: Ground Floor | C10: Area 2 | D10: Blockwork - 300 | E10: 10 | F10: 10 | G10: 3 | H10: Wall | I10: 1 | J10: 1 | K10: =(E10+F10)*2 -> 40 | L10: 1 | M10: 3 | N10: 0.3 | O10: =PRODUCT(I10:N10) -> 36 | T10: =O10 -> 36
A11: 10 | B11: Ground Floor | C11: Area 2 | D11: Flooring | E11: 10 | F11: 10 | G11: 3 | H11: Flooring | I11: 1 | J11: 1 | K11: =E11 -> 10 | L11: =F11 -> 10 | O11: =PRODUCT(I11:N11) -> 100 | AF11: =O11 -> 100
A12: 11 | B12: Ground Floor | C12: Area 2 | D12: Ceiling | E12: 10 | F12: 10 | G12: 3 | H12: Ceiling | I12: 1 | J12: 1 | K12: =E12 -> 10 | L12: =F12 -> 10 | O12: =PRODUCT(I12:N12) -> 100 | AG12: =O12 -> 100
A13: 12 | B13: Ground Floor | C13: Area 3 | D13: Partition - 100 | E13: 10 | F13: 10 | G13: 3 | H13: Wall | I13: 1 | J13: 1 | K13: =(E13+F13)*2 -> 40 | L13: 1 | M13: 3 | N13: 0.1 | O13: =PRODUCT(I13:N13) -> 12 | U13: =O13 -> 12
A14: 13 | B14: Ground Floor | C14: Area 3 | D14: Partition - 150 | E14: 10 | F14: 10 | G14: 3 | H14: Wall | I14: 1 | J14: 1 | K14: =(E14+F14)*2 -> 40 | L14: 1 | M14: 3 | N14: 0.15 | O14: =PRODUCT(I14:N14) -> 18 | U14: =O14 -> 18
A15: 14 | B15: Ground Floor | C15: Area 3 | D15: Partition - 200 | E15: 10 | F15: 10 | G15: 3 | H15: Wall | I15: 1 | J15: 1 | K15: =(E15+F15)*2 -> 40 | L15: 1 | M15: 3 | N15: 0.2 | O15: =PRODUCT(I15:N15) -> 24 | U15: =O15 -> 24
A16: 15 | B16: Ground Floor | C16: Area 3 | D16: Partition - 250 | E16: 10 | F16: 10 | G16: 3 | H16: Wall | I16: 1 | J16: 1 | K16: =(E16+F16)*2 -> 40 | L16: 1 | M16: 3 | N16: 0.25 | O16: =PRODUCT(I16:N16) -> 30 | U16: =O16 -> 30
A17: 16 | B17: Ground Floor | C17: Area 3 | D17: Partition - 300 | E17: 10 | F17: 10 | G17: 3 | H17: Wall | I17: 1 | J17: 1 | K17: =(E17+F17)*2 -> 40 | L17: 1 | M17: 3 | N17: 0.3 | O17: =PRODUCT(I17:N17) -> 36 | U17: =O17 -> 36
A18: 17 | B18: Ground Floor | C18: Area 3 | D18: Flooring | E18: 10 | F18: 10 | G18: 3 | H18: Flooring | I18: 1 | J18: 1 | K18: =E18 -> 10 | L18: =F18 -> 10 | O18: =PRODUCT(I18:N18) -> 100 | AF18: =O18 -> 100
A19: 18 | B19: Ground Floor | C19: Area 3 | D19: Ceiling | E19: 10 | F19: 10 | G19: 3 | H19: Ceiling | I19: 1 | J19: 1 | K19: =E19 -> 10 | L19: =F19 -> 10 | O19: =PRODUCT(I19:N19) -> 100 | AG19: =O19 -> 100
A20: 19 | B20: Ground Floor | C20: Area 1 | D20: Glass Partition | E20: 10 | F20: 10 | G20: 3 | H20: Wall | I20: 1 | J20: 1 | K20: 40 | L20: 1 | M20: 3 | O20: =PRODUCT(I20:N20) -> 120 | AK20: =O20 -> 120
A21: 20 | B21: Ground Floor | C21: Area 2 | D21: Glass Partition | E21: 10 | F21: 10 | G21: 3 | H21: Wall | I21: 1 | J21: 1 | K21: 40 | L21: 1 | M21: 3 | O21: =PRODUCT(I21:N21) -> 120 | AK21: =O21 -> 120
A22: 21 | B22: Ground Floor | C22: Area 3 | D22: Glass Partition | E22: 10 | F22: 10 | G22: 3 | H22: Wall | I22: 1 | J22: 1 | K22: 40 | L22: 1 | M22: 3 | O22: =PRODUCT(I22:N22) -> 120 | AK22: =O22 -> 120
A23: 22 | B23: Ground Floor | C23: Area 1 | D23: Blockwork - 100 | H23: Door | I23: 10 | J23: -1 | K23: 1 | M23: 2 | N23: 0.1 | O23: =PRODUCT(I23:N23) -> -2 | T23: =O23 -> -2 | AC23: =O23 -> -2
A24: 23 | B24: Ground Floor | C24: Area 1 | D24: Blockwork - 150 | H24: Door | I24: 10 | J24: -1 | K24: 1 | M24: 2 | N24: 0.15 | O24: =PRODUCT(I24:N24) -> -3 | T24: =O24 -> -3
A25: 24 | B25: Ground Floor | C25: Area 1 | D25: Blockwork - 200 | H25: Door | I25: 10 | J25: -1 | K25: 1 | M25: 2 | N25: 0.2 | O25: =PRODUCT(I25:N25) -> -4 | T25: =O25 -> -4 | AC25: =O25 -> -4
A26: 25 | B26: Ground Floor | C26: Area 2 | D26: Blockwork - 250 | H26: Door | I26: 10 | J26: -1 | K26: 1 | M26: 2 | N26: 0.25 | O26: =PRODUCT(I26:N26) -> -5 | T26: =O26 -> -5
A27: 26 | B27: Ground Floor | C27: Area 2 | D27: Blockwork - 300 | H27: Door | I27: 10 | J27: -1 | K27: 1 | M27: 2 | N27: 0.3 | O27: =PRODUCT(I27:N27) -> -6 | T27: =O27 -> -6
A28: 27 | B28: Ground Floor | C28: Area 3 | D28: Partition - 100 | H28: Door | I28: 10 | J28: -1 | K28: 1 | M28: 2 | N28: 0.1 | O28: =PRODUCT(I28:N28) -> -2 | U28: =O28 -> -2
A29: 28 | B29: Ground Floor | C29: Area 3 | D29: Partition - 150 | H29: Door | I29: 10 | J29: -1 | K29: 1 | M29: 2 | N29: 0.15 | O29: =PRODUCT(I29:N29) -> -3 | U29: =O29 -> -3
A30: 29 | B30: Ground Floor | C30: Area 3 | D30: Partition - 200 | H30: Door | I30: 10 | J30: -1 | K30: 1 | M30: 2 | N30: 0.2 | O30: =PRODUCT(I30:N30) -> -4 | U30: =O30 -> -4
A31: 30 | B31: Ground Floor | C31: Area 3 | D31: Partition - 250 | H31: Door | I31: 10 | J31: -1 | K31: 1 | M31: 2 | N31: 0.25 | O31: =PRODUCT(I31:N31) -> -5 | U31: =O31 -> -5
A32: 31 | B32: Ground Floor | C32: Area 3 | D32: Partition - 300 | H32: Door | I32: 10 | J32: -1 | K32: 1 | M32: 2 | N32: 0.3 | O32: =PRODUCT(I32:N32) -> -6 | U32: =O32 -> -6
A33: 32 | B33: Ground Floor | C33: Area 1 | D33: Glass Partition | H33: Door | I33: 10 | J33: -1 | K33: 1 | M33: 2 | O33: =PRODUCT(I33:N33) -> -20 | AI33: =I33 -> 10 | AK33: =O33 -> -20
A34: 33 | B34: Ground Floor | C34: Area 2 | D34: Glass Partition | H34: Door | I34: 10 | J34: -1 | K34: 1 | M34: 2 | O34: =PRODUCT(I34:N34) -> -20 | AI34: =I34 -> 10 | AK34: =O34 -> -20
A35: 34 | B35: Ground Floor | C35: Area 3 | D35: Glass Partition | H35: Door | I35: 10 | J35: -1 | K35: 1 | M35: 2 | O35: =PRODUCT(I35:N35) -> -20 | AI35: =I35 -> 10 | AK35: =O35 -> -20
A36: 35 | B36: Ground Floor | C36: Area 1 | D36: Glass Partition | H36: Window | I36: 20 | J36: -1 | K36: 1 | M36: 1 | O36: =PRODUCT(I36:N36) -> -20 | AJ36: =I36 -> 20 | AK36: =O36 -> -20
A37: 36 | B37: Ground Floor | C37: Area 2 | D37: Glass Partition | H37: Window | I37: 20 | J37: -1 | K37: 1 | M37: 1 | O37: =PRODUCT(I37:N37) -> -20 | AJ37: =I37 -> 20 | AK37: =O37 -> -20
A38: 37 | B38: Ground Floor | C38: Area 3 | D38: Glass Partition | H38: Window | I38: 20 | J38: -1 | K38: 1 | M38: 1 | O38: =PRODUCT(I38:N38) -> -20 | AJ38: =I38 -> 20 | AK38: =O38 -> -20
A39: 38 | B39: Ground Floor | D39: HVAC | H39: HVAC | I39: 1 | J39: 1 | K39: 100 | O39: =PRODUCT(I39:N39) -> 100 | V39: =O39 -> 100
A40: 39 | B40: Ground Floor | D40: Fire Sprinklers | H40: Fire Sprinklers | I40: 1 | J40: 100 | O40: =PRODUCT(I40:N40) -> 100 | W40: =O40 -> 100
A41: 40 | B41: Ground Floor | D41: Detectors | H41: Detectors | I41: 1 | J41: 100 | O41: =PRODUCT(I41:N41) -> 100 | X41: =O41 -> 100
A42: 41 | B42: Ground Floor | D42: FHR | H42: FHR | I42: 1 | J42: 100 | O42: =PRODUCT(I42:N42) -> 100 | Y42: =O42 -> 100
A43: 42 | B43: Ground Floor | D43: Fire pipe | H43: Fire pipe | I43: 1 | J43: 1 | K43: 100 | O43: =PRODUCT(I43:N43) -> 100 | Z43: =O43 -> 100
A44: 43 | B44: Ground Floor | D44: IT | H44: LAN Cable | I44: 1 | J44: 1 | K44: 100 | O44: =PRODUCT(I44:N44) -> 100 | AA44: =O44 -> 100
A45: 44 | B45: Ground Floor | D45: IT | H45: Computer | I45: 1 | J45: 20 | O45: =PRODUCT(I45:N45) -> 20 | AA45: =O45 -> 20
A46: 45 | B46: Ground Floor | D46: IT | H46: Server Rack | I46: 1 | J46: 6 | O46: =PRODUCT(I46:N46) -> 6 | AA46: =O46 -> 6
A47: 46 | B47: Ground Floor | D47: CCTV | H47: CCTV | I47: 1 | J47: 10 | O47: =PRODUCT(I47:N47) -> 10 | AE47: =O47 -> 10
A48: 47 | B48: Ground Floor | D48: Loose Furniture | H48: Tables | I48: 1 | J48: 10 | O48: =PRODUCT(I48:N48) -> 10 | AB48: =O48 -> 10
A49: 48 | B49: Ground Floor | D49: Loose Furniture | H49: Chairs | I49: 1 | J49: 10 | O49: =PRODUCT(I49:N49) -> 10 | AB49: =O49 -> 10
A50: 49 | B50: Ground Floor | D50: Loose Furniture | H50: Cabinets | I50: 1 | J50: 10 | O50: =PRODUCT(I50:N50) -> 10 | AB50: =O50 -> 10
A51: 50 | B51: Ground Floor | D51: Joinery | H51: Reception Unit | I51: 1 | J51: 10 | O51: =PRODUCT(I51:N51) -> 10 | AD51: =O51 -> 10
A52: 51 | B52: Ground Floor | D52: Joinery | H52: Lounge Cabinet | I52: 1 | J52: 10 | O52: =PRODUCT(I52:N52) -> 10 | AD52: =O52 -> 10
A53: 52 | B53: Ground Floor | D53: Joinery | H53: Fountain | I53: 1 | J53: 10 | O53: =PRODUCT(I53:N53) -> 10 | AD53: =O53 -> 10
A54: 53 | B54: Ground Floor | D54: Signages | H54: Signages | I54: 10 | J54: 10 | O54: =PRODUCT(I54:N54) -> 100 | AH54: =O54 -> 100
T58: =SUM(T2:T57) -> 100 | U58: =SUM(U2:U57) -> 100 | V58: =SUM(V2:V57) -> 100 | W58: =SUM(W2:W57) -> 100 | X58: =SUM(X2:X57) -> 100 | Y58: =SUM(Y2:Y57) -> 100 | Z58: =SUM(Z2:Z57) -> 100 | AA58: =SUM(AA2:AA57) -> 126 | ... AK58: =SUM(AK2:AK57) -> 240
T59: cbm | U59: cbm | V59: m | W59: nos | X59: nos | Y59: nos | Z59: m | AA59: nos | AB59: nos | AC59: sqm | AD59: nos | AE59: nos | AF59: sqm | AG59: sqm | AH59: nos | AI59: nos | AJ59: nos | AK59: sqm

Sheet QTO-Structure
A1: Sl. No. | B1: Drawing | C1: Description | D1: Item | E1: L | F1: B | G1: H | H1: Sub-Item | I1: Nos | J1: Nos | K1: L | L1: B | M1: H | N1: T | O1: Qty | P1: Area | Q1: Volume | R1: Perimeter | S1: Surface Area | T1: M30 Concrete for Column | U1: M30 Concrete for beam | V1: M30 Concrete of Slabs | W1: Shuttering for Columns | X1: Shuttering for Beams | Y1: Shuttering for Slabs | Z1: Scaffolding for Columns | AA1: Scaffolding for Beams | AB1: Scaffolding for Slabs
A2: 1 | B2: Ground Floor | C2: 500x500 Column | D2: Columns | E2: 0.5 | F2: 0.5 | G2: 4 | H2: M30 | I2: 10 | J2: 10 | P2: =E2*F2 -> 0.25 | Q2: =I2*J2*E2*F2*G2 -> 100 | R2: =I2*J2*(E2*2+F2*2) -> 200 | S2: =+R2*G2 -> 800 | T2: =Q2 -> 100 | W2: =S2 -> 800 | Z2: =+S2 -> 800
A3: 2 | B3: First Floor | C3: 500x500 Column | D3: Columns | E3: 0.5 | F3: 0.5 | G3: 4 | H3: M30 | I3: 10 | J3: 10 | P3: =E3*F3 -> 0.25 | Q3: =I3*J3*E3*F3*G3 -> 100 | R3: =I3*J3*(E3*2+F3*2) -> 200 | S3: =+R3*G3 -> 800 | T3: =Q3 -> 100 | W3: =S3 -> 800 | Z3: =+S3 -> 800
A4: 3 | B4: Second Floor | C4: 500x500 Column | D4: Columns | E4: 0.5 | F4: 0.5 | G4: 4 | H4: M30 | I4: 10 | J4: 10 | P4: =E4*F4 -> 0.25 | Q4: =I4*J4*E4*F4*G4 -> 100 | R4: =I4*J4*(E4*2+F4*2) -> 200 | S4: =+R4*G4 -> 800 | T4: =Q4 -> 100 | W4: =S4 -> 800 | Z4: =+S4 -> 800
A5: 4 | B5: Basement | C5: 500x500 Column | D5: Columns | E5: 0.5 | F5: 0.5 | G5: 2 | H5: M30 | I5: 10 | J5: 10 | P5: =E5*F5 -> 0.25 | Q5: =I5*J5*E5*F5*G5 -> 50 | R5: =I5*J5*(E5*2+F5*2) -> 200 | S5: =+R5*G5 -> 400 | T5: =Q5 -> 50 | W5: =S5 -> 400 | Z5: =+S5 -> 400
A6: 5 | B6: Ground Floor | C6: 1000x500 Column | D6: Columns | E6: 1 | F6: 0.5 | G6: 4 | H6: M30 | I6: 10 | J6: 10 | P6: =E6*F6 -> 0.5 | Q6: =I6*J6*E6*F6*G6 -> 200 | R6: =I6*J6*(E6*2+F6*2) -> 300 | S6: =+R6*G6 -> 1200 | T6: =Q6 -> 200 | W6: =S6 -> 1200 | Z6: =+S6 -> 1200
A7: 6 | B7: First Floor | C7: 1000x500 Column | D7: Columns | E7: 1 | F7: 0.5 | G7: 4 | H7: M30 | I7: 10 | J7: 10 | P7: =E7*F7 -> 0.5 | Q7: =I7*J7*E7*F7*G7 -> 200 | R7: =I7*J7*(E7*2+F7*2) -> 300 | S7: =+R7*G7 -> 1200 | T7: =Q7 -> 200 | W7: =S7 -> 1200 | Z7: =+S7 -> 1200
A8: 7 | B8: Second Floor | C8: 1000x500 Column | D8: Columns | E8: 1 | F8: 0.5 | G8: 4 | H8: M30 | I8: 10 | J8: 10 | P8: =E8*F8 -> 0.5 | Q8: =I8*J8*E8*F8*G8 -> 200 | R8: =I8*J8*(E8*2+F8*2) -> 300 | S8: =+R8*G8 -> 1200 | T8: =Q8 -> 200 | W8: =S8 -> 1200 | Z8: =+S8 -> 1200
A9: 8 | B9: Basement | C9: 1000x500 Column | D9: Columns | E9: 1 | F9: 0.5 | G9: 1.5 | H9: M30 | I9: 10 | J9: 10 | P9: =E9*F9 -> 0.5 | Q9: =I9*J9*E9*F9*G9 -> 75 | R9: =I9*J9*(E9*2+F9*2) -> 300 | S9: =+R9*G9 -> 450 | T9: =Q9 -> 75 | W9: =S9 -> 450 | Z9: =+S9 -> 450
A10: 9 | B10: Ground Floor | C10: 500x500 Beam | D10: Beams | E10: 10 | F10: 0.5 | G10: 0.5 | H10: M30 | I10: 20 | J10: 1 | P10: =+F10*G10 -> 0.25 | Q10: =I10*J10*E10*F10*G10 -> 50 | R10: =I10*J10*E10*(F10+G10*2) -> 300 | S10: =+R10*G10 -> 150 | U10: =Q10 -> 50 | X10: =S10 -> 150 | AA10: =+S10 -> 150
A11: 10 | B11: First Floor | C11: 500x500 Beam | D11: Beams | E11: 10 | F11: 0.5 | G11: 0.5 | H11: M30 | I11: 20 | J11: 1 | P11: =+F11*G11 -> 0.25 | Q11: =I11*J11*E11*F11*G11 -> 50 | R11: =I11*J11*E11*(F11+G11*2) -> 300 | S11: =+R11*G11 -> 150 | U11: =Q11 -> 50 | X11: =S11 -> 150 | AA11: =+S11 -> 150
A12: 11 | B12: Second Floor | C12: 500x500 Beam | D12: Beams | E12: 10 | F12: 0.5 | G12: 0.5 | H12: M30 | I12: 20 | J12: 1 | P12: =+F12*G12 -> 0.25 | Q12: =I12*J12*E12*F12*G12 -> 50 | R12: =I12*J12*E12*(F12+G12*2) -> 300 | S12: =+R12*G12 -> 150 | U12: =Q12 -> 50 | X12: =S12 -> 150 | AA12: =+S12 -> 150
A13: 12 | B13: Basement | C13: 500x500 Beam | D13: Beams | E13: 10 | F13: 0.5 | G13: 0.5 | H13: M30 | I13: 20 | J13: 1 | P13: =+F13*G13 -> 0.25 | Q13: =I13*J13*E13*F13*G13 -> 50 | R13: =I13*J13*E13*(F13+G13*2) -> 300 | S13: =+R13*G13 -> 150 | U13: =Q13 -> 50 | X13: =S13 -> 150 | AA13: =+S13 -> 150
A14: 13 | B14: Ground Floor | C14: 1000x500 Beam | D14: Beams | E14: 10 | F14: 1 | G14: 0.5 | H14: M30 | I14: 20 | J14: 1 | P14: =+F14*G14 -> 0.5 | Q14: =I14*J14*E14*F14*G14 -> 100 | R14: =I14*J14*E14*(F14+G14*2) -> 400 | S14: =+R14*G14 -> 200 | U14: =Q14 -> 100 | X14: =S14 -> 200 | AA14: =+S14 -> 200
A15: 14 | B15: First Floor | C15: 1000x500 Beam | D15: Beams | E15: 10 | F15: 1 | G15: 0.5 | H15: M30 | I15: 20 | J15: 1 | P15: =+F15*G15 -> 0.5 | Q15: =I15*J15*E15*F15*G15 -> 100 | R15: =I15*J15*E15*(F15+G15*2) -> 400 | S15: =+R15*G15 -> 200 | U15: =Q15 -> 100 | X15: =S15 -> 200 | AA15: =+S15 -> 200
A16: 15 | B16: Second Floor | C16: 1000x500 Beam | D16: Beams | E16: 10 | F16: 1 | G16: 0.5 | H16: M30 | I16: 20 | J16: 1 | P16: =+F16*G16 -> 0.5 | Q16: =I16*J16*E16*F16*G16 -> 100 | R16: =I16*J16*E16*(F16+G16*2) -> 400 | S16: =+R16*G16 -> 200 | U16: =Q16 -> 100 | X16: =S16 -> 200 | AA16: =+S16 -> 200
A17: 16 | B17: Basement | C17: 1000x500 Beam | D17: Beams | E17: 10 | F17: 1 | G17: 0.5 | H17: M30 | I17: 20 | J17: 1 | P17: =+F17*G17 -> 0.5 | Q17: =I17*J17*E17*F17*G17 -> 100 | R17: =I17*J17*E17*(F17+G17*2) -> 400 | S17: =+R17*G17 -> 200 | U17: =Q17 -> 100 | X17: =S17 -> 200 | AA17: =+S17 -> 200
A18: 17 | B18: Ground Floor | C18: 200mm Slab | D18: Slab | E18: 20 | F18: 25 | G18: 0.2 | H18: M30 | I18: 1 | J18: 1 | P18: =E18*F18 -> 500 | Q18: =I18*J18*E18*F18*G18 -> 100 | R18: =I18*J18*(E18*2+F18*2) -> 90 | S18: =+R18*G18 -> 18 | V18: =Q18 -> 100 | Y18: =+P18 -> 500 | AB18: =+P18 -> 500
A19: 18 | B19: First Floor | C19: 200mm Slab | D19: Slab | E19: 20 | F19: 25 | G19: 0.2 | H19: M30 | I19: 1 | J19: 1 | P19: =E19*F19 -> 500 | Q19: =I19*J19*E19*F19*G19 -> 100 | R19: =I19*J19*(E19*2+F19*2) -> 90 | S19: =+R19*G19 -> 18 | V19: =Q19 -> 100 | Y19: =+P19 -> 500 | AB19: =+P19 -> 500
A20: 19 | B20: Second Floor | C20: 200mm Slab | D20: Slab | E20: 20 | F20: 25 | G20: 0.2 | H20: M30 | I20: 1 | J20: 1 | P20: =E20*F20 -> 500 | Q20: =I20*J20*E20*F20*G20 -> 100 | R20: =I20*J20*(E20*2+F20*2) -> 90 | S20: =+R20*G20 -> 18 | V20: =Q20 -> 100 | Y20: =+P20 -> 500 | AB20: =+P20 -> 500
A21: 20 | B21: Basement | C21: 200mm Slab | D21: Slab | E21: 20 | F21: 25 | G21: 0.2 | H21: M30 | I21: 1 | J21: 1 | P21: =E21*F21 -> 500 | Q21: =I21*J21*E21*F21*G21 -> 100 | R21: =I21*J21*(E21*2+F21*2) -> 90 | S21: =+R21*G21 -> 18 | V21: =Q21 -> 100 | Y21: =+P21 -> 500 | AB21: =+P21 -> 500
T25: =SUM(T2:T24) -> 1025 | U25: =SUM(U2:U24) -> 600 | V25: =SUM(V2:V24) -> 400 | W25: =SUM(W2:W24) -> 6850 | X25: =SUM(X2:X24) -> 1400 | Y25: =SUM(Y2:Y24) -> 2000 | Z25: =SUM(Z2:Z24) -> 6850 | AA25: =SUM(AA2:AA24) -> 1400 | AB25: =SUM(AB2:AB24) -> 2000
T26: cbm | U26: cbm | V26: cbm | W26: sqm | X26: sqm | Y26: sqm | Z26: sqm | AA26: sqm | AB26: sqm

Sheet QTO-Walls
A1: Sl. No. | B1: Drawing | C1: Description | D1: Item | E1: L | F1: B | G1: H | H1: Sub-Item | I1: Nos | J1: Nos | K1: L | L1: B | M1: H | N1: T | O1: Qty | P1: Area | Q1: Volume | R1: Perimeter | S1: Surface Area | T1: 100mm Gypsum Partitions | U1: 150mm Gypsum Partitions | V1: 200mm Gypsum Partitions | W1: 100mm Blockwork | X1: 200mm Blockwork | Y1: Gypsum False Ceiling
A2: 1 | B2: Ground Floor | C2: Room 1 | D2: Gypsum 100 | E2: 10 | F2: 10 | G2: 3 | H2: Walls | I2: 2 | J2: 1 | P2: =E2*F2 -> 100 | R2: =I2*J2*(E2*2+F2*2) -> 80 | S2: =+R2*G2 -> 240 | T2: =+S2 -> 240
A3: 2 | B3: First Floor | C3: Room 2 | D3: Gypsum 100 | E3: 10 | F3: 10 | G3: 3 | H3: Walls | I3: 2 | J3: 1 | P3: =E3*F3 -> 100 | R3: =I3*J3*(E3*2+F3*2) -> 80 | S3: =+R3*G3 -> 240 | T3: =+S3 -> 240
A4: 3 | B4: Second Floor | C4: Room 3 | D4: Gypsum 100 | E4: 10 | F4: 10 | G4: 3 | H4: Walls | I4: 2 | J4: 1 | P4: =E4*F4 -> 100 | R4: =I4*J4*(E4*2+F4*2) -> 80 | S4: =+R4*G4 -> 240 | T4: =+S4 -> 240
A5: 4 | B5: Ground Floor | C5: Room 1 | D5: Gypsum 150 | E5: 10 | F5: 10 | G5: 3 | H5: Walls | I5: 2 | J5: 1 | P5: =E5*F5 -> 100 | R5: =I5*J5*(E5*2+F5*2) -> 80 | S5: =+R5*G5 -> 240 | U5: =+S5 -> 240
A6: 5 | B6: First Floor | C6: Room 2 | D6: Gypsum 150 | E6: 10 | F6: 10 | G6: 3 | H6: Walls | I6: 2 | J6: 1 | P6: =E6*F6 -> 100 | R6: =I6*J6*(E6*2+F6*2) -> 80 | S6: =+R6*G6 -> 240 | U6: =+S6 -> 240
A7: 6 | B7: Second Floor | C7: Room 3 | D7: Gypsum 150 | E7: 10 | F7: 10 | G7: 3 | H7: Walls | I7: 2 | J7: 1 | P7: =E7*F7 -> 100 | R7: =I7*J7*(E7*2+F7*2) -> 80 | S7: =+R7*G7 -> 240 | U7: =+S7 -> 240
A8: 7 | B8: Ground Floor | C8: Room 1 | D8: Gypsum 200 | E8: 10 | F8: 10 | G8: 3 | H8: Walls | I8: 2 | J8: 1 | P8: =E8*F8 -> 100 | R8: =I8*J8*(E8*2+F8*2) -> 80 | S8: =+R8*G8 -> 240 | V8: =+S8 -> 240
A9: 8 | B9: First Floor | C9: Room 2 | D9: Gypsum 200 | E9: 10 | F9: 10 | G9: 3 | H9: Walls | I9: 2 | J9: 1 | P9: =E9*F9 -> 100 | R9: =I9*J9*(E9*2+F9*2) -> 80 | S9: =+R9*G9 -> 240 | V9: =+S9 -> 240
A10: 9 | B10: Second Floor | C10: Room 3 | D10: Gypsum 200 | E10: 10 | F10: 10 | G10: 3 | H10: Walls | I10: 2 | J10: 1 | P10: =E10*F10 -> 100 | R10: =I10*J10*(E10*2+F10*2) -> 80 | S10: =+R10*G10 -> 240 | V10: =+S10 -> 240
A11: 10 | B11: Ground Floor | C11: Room 1 | D11: Block 100 | E11: 10 | F11: 10 | G11: 3 | H11: Walls | I11: 4 | J11: 1 | P11: =E11*F11 -> 100 | R11: =I11*J11*(E11*2+F11*2) -> 160 | S11: =+R11*G11 -> 480 | W11: =+S11 -> 480
A12: 11 | B12: First Floor | C12: Room 2 | D12: Block 100 | E12: 10 | F12: 10 | G12: 3 | H12: Walls | I12: 4 | J12: 1 | P12: =E12*F12 -> 100 | R12: =I12*J12*(E12*2+F12*2) -> 160 | S12: =+R12*G12 -> 480 | W12: =+S12 -> 480
A13: 12 | B13: Second Floor | C13: Room 3 | D13: Block 100 | E13: 10 | F13: 10 | G13: 3 | H13: Walls | I13: 4 | J13: 1 | P13: =E13*F13 -> 100 | R13: =I13*J13*(E13*2+F13*2) -> 160 | S13: =+R13*G13 -> 480 | W13: =+S13 -> 480
A14: 13 | B14: Ground Floor | C14: Room 1 | D14: Block 200 | E14: 10 | F14: 10 | G14: 3 | H14: Walls | I14: 4 | J14: 1 | P14: =E14*F14 -> 100 | R14: =I14*J14*(E14*2+F14*2) -> 160 | S14: =+R14*G14 -> 480 | X14: =+S14 -> 480
A15: 14 | B15: First Floor | C15: Room 2 | D15: Block 200 | E15: 10 | F15: 10 | G15: 3 | H15: Walls | I15: 4 | J15: 1 | P15: =E15*F15 -> 100 | R15: =I15*J15*(E15*2+F15*2) -> 160 | S15: =+R15*G15 -> 480 | X15: =+S15 -> 480
A16: 15 | B16: Second Floor | C16: Room 3 | D16: Block 200 | E16: 10 | F16: 10 | G16: 3 | H16: Walls | I16: 4 | J16: 1 | P16: =E16*F16 -> 100 | R16: =I16*J16*(E16*2+F16*2) -> 160 | S16: =+R16*G16 -> 480 | X16: =+S16 -> 480
A17: 16 | B17: Ground Floor | C17: Room 1 | D17: Ceiling | E17: 10 | F17: 10 | G17: 3 | H17: Walls | I17: 1 | J17: 1 | P17: =E17*F17 -> 100 | R17: =I17*J17*(E17*2+F17*2) -> 40 | S17: =+R17*G17 -> 120 | Y17: =+P17 -> 100
A18: 17 | B18: First Floor | C18: Room 2 | D18: Ceiling | E18: 10 | F18: 10 | G18: 3 | H18: Walls | I18: 1 | J18: 1 | P18: =E18*F18 -> 100 | R18: =I18*J18*(E18*2+F18*2) -> 40 | S18: =+R18*G18 -> 120 | Y18: =+P18 -> 100
A19: 18 | B19: Second Floor | C19: Room 3 | D19: Ceiling | E19: 10 | F19: 10 | G19: 3 | H19: Ceiling | I19: 1 | J19: 1 | P19: =E19*F19 -> 100 | R19: =I19*J19*(E19*2+F19*2) -> 40 | S19: =+R19*G19 -> 120 | Y19: =+P19 -> 100
A20: 19 | B20: Ground Floor | C20: Room 1 | D20: Gypsum 100 | E20: 1 | G20: 2 | H20: Doors | I20: 20 | J20: -1 | P20: =+E20*G20*I20*J20 -> -40 | T20: =+P20 -> -40
A21: 20 | B21: First Floor | C21: Room 2 | D21: Gypsum 150 | E21: 1 | G21: 2 | H21: Doors | I21: 20 | J21: -1 | P21: =+E21*G21*I21*J21 -> -40 | U21: =+P21 -> -40
A22: 21 | B22: Second Floor | C22: Room 3 | D22: Gypsum 200 | E22: 1 | G22: 2 | H22: Doors | I22: 20 | J22: -1 | P22: =+E22*G22*I22*J22 -> -40 | V22: =+P22 -> -40
A23: 22 | B23: Ground Floor | C23: Room 1 | D23: Block 100 | E23: 1 | G23: 2 | H23: Doors | I23: 20 | J23: -1 | P23: =+E23*G23*I23*J23 -> -40 | W23: =+P23 -> -40
A24: 23 | B24: First Floor | C24: Room 2 | D24: Block 200 | E24: 1 | G24: 2 | H24: Doors | I24: 20 | J24: -1 | P24: =+E24*G24*I24*J24 -> -40 | X24: =+P24 -> -40
A25: 22 | B25: Ground Floor | C25: Room 1 | D25: Block 100 | E25: 1 | G25: 1 | H25: Windows | I25: 20 | J25: -1 | P25: =+E25*G25*I25*J25 -> -20 | W25: =+P25 -> -20
A26: 23 | B26: First Floor | C26: Room 2 | D26: Block 200 | E26: 1 | G26: 1 | H26: Windows | I26: 20 | J26: -1 | P26: =+E26*G26*I26*J26 -> -20 | X26: =+P26 -> -20
T30: =SUM(T2:T29) -> 680 | U30: =SUM(U2:U29) -> 680 | V30: =SUM(V2:V29) -> 680 | W30: =SUM(W2:W29) -> 1380 | X30: =SUM(X2:X29) -> 1380 | Y30: =SUM(Y2:Y29) -> 300
T31: sqm | U31: sqm | V31: sqm | W31: sqm | X31: sqm | Y31: sqm

Sheet QTO-Finishes
A1: Sl. No. | B1: Drawing | C1: Description | D1: Item | E1: L | F1: B | G1: H | H1: Sub-Item | I1: Nos | J1: Nos | K1: L | L1: B | M1: H | N1: T | O1: Qty | P1: Area | Q1: Volume | R1: Perimeter | S1: Surface Area | T1: Column Plastering | U1: Beam Plastering | V1: Ceiling Plastering | W1: Jamb finishing for Doors | X1: Jamb finishing for Windows | Y1: 600x600mm Porcelain Tile Flooring | Z1: Interior Emulsion Paint Finish | AA1: Exerior Emulsion Paint Finish | AB1: Decorative Texture Plaster Finish | AC1: Wall Panelling A | AD1: Wall Panelling B | AE1: Ceiling Panelling
A2: 1 | B2: Ground Floor | C2: 500x500 Column | D2: Columns | E2: 0.5 | F2: 0.5 | G2: 4 | H2: Column Plastering | I2: 10 | J2: 10 | P2: =E2*F2*I2*J2 -> 25 | R2: =(E2*2+F2*2)*I2*J2 -> 200 | S2: =+R2*G2 -> 800 | T2: =+S2 -> 800
A3: 2 | B3: First Floor | C3: 500x500 Column | D3: Columns | E3: 0.5 | F3: 0.5 | G3: 4 | H3: Column Plastering | I3: 10 | J3: 10 | P3: =E3*F3*I3*J3 -> 25 | R3: =(E3*2+F3*2)*I3*J3 -> 200 | S3: =+R3*G3 -> 800 | T3: =+S3 -> 800
A4: 3 | B4: Second Floor | C4: 500x500 Column | D4: Columns | E4: 0.5 | F4: 0.5 | G4: 4 | H4: Column Plastering | I4: 10 | J4: 10 | P4: =E4*F4*I4*J4 -> 25 | R4: =(E4*2+F4*2)*I4*J4 -> 200 | S4: =+R4*G4 -> 800 | T4: =+S4 -> 800
A5: 4 | B5: Ground Floor | C5: 1000x500 Column | D5: Columns | E5: 1 | F5: 0.5 | G5: 4 | H5: Column Plastering | I5: 10 | J5: 10 | P5: =E5*F5*I5*J5 -> 50 | R5: =(E5*2+F5*2)*I5*J5 -> 300 | S5: =+R5*G5 -> 1200 | T5: =+S5 -> 1200
A6: 5 | B6: First Floor | C6: 1000x500 Column | D6: Columns | E6: 1 | F6: 0.5 | G6: 4 | H6: Column Plastering | I6: 10 | J6: 10 | P6: =E6*F6*I6*J6 -> 50 | R6: =(E6*2+F6*2)*I6*J6 -> 300 | S6: =+R6*G6 -> 1200 | T6: =+S6 -> 1200
A7: 6 | B7: Second Floor | C7: 1000x500 Column | D7: Columns | E7: 1 | F7: 0.5 | G7: 4 | H7: Column Plastering | I7: 10 | J7: 10 | P7: =E7*F7*I7*J7 -> 50 | R7: =(E7*2+F7*2)*I7*J7 -> 300 | S7: =+R7*G7 -> 1200 | T7: =+S7 -> 1200
A8: 7 | B8: Ground Floor | C8: 500x500 Beam | D8: Beams | E8: 10 | F8: 0.5 | G8: 0.5 | H8: Beam Plastering | I8: 20 | J8: 1 | P8: =E8*F8*I8*J8 -> 100 | R8: =(G8*2+F8*2)*I8*J8 -> 40 | S8: =+R8*E8 -> 400 | U8: =+S8 -> 400
A9: 8 | B9: First Floor | C9: 500x500 Beam | D9: Beams | E9: 10 | F9: 0.5 | G9: 0.5 | H9: Beam Plastering | I9: 20 | J9: 1 | P9: =E9*F9*I9*J9 -> 100 | R9: =(G9*2+F9*2)*I9*J9 -> 40 | S9: =+R9*E9 -> 400 | U9: =+S9 -> 400
A10: 9 | B10: Second Floor | C10: 500x500 Beam | D10: Beams | E10: 10 | F10: 0.5 | G10: 0.5 | H10: Beam Plastering | I10: 20 | J10: 1 | P10: =E10*F10*I10*J10 -> 100 | R10: =(G10*2+F10*2)*I10*J10 -> 40 | S10: =+R10*E10 -> 400 | U10: =+S10 -> 400
A11: 10 | B11: Ground Floor | C11: 1000x500 Beam | D11: Beams | E11: 10 | F11: 1 | G11: 0.5 | H11: Beam Plastering | I11: 20 | J11: 1 | P11: =E11*F11*I11*J11 -> 200 | R11: =(G11*2+F11*2)*I11*J11 -> 60 | S11: =+R11*E11 -> 600 | U11: =+S11 -> 600
A12: 11 | B12: First Floor | C12: 1000x500 Beam | D12: Beams | E12: 10 | F12: 1 | G12: 0.5 | H12: Beam Plastering | I12: 20 | J12: 1 | P12: =E12*F12*I12*J12 -> 200 | R12: =(G12*2+F12*2)*I12*J12 -> 60 | S12: =+R12*E12 -> 600 | U12: =+S12 -> 600
A13: 12 | B13: Second Floor | C13: 1000x500 Beam | D13: Beams | E13: 10 | F13: 1 | G13: 0.5 | H13: Beam Plastering | I13: 20 | J13: 1 | P13: =E13*F13*I13*J13 -> 200 | R13: =(G13*2+F13*2)*I13*J13 -> 60 | S13: =+R13*E13 -> 600 | U13: =+S13 -> 600
A14: 13 | B14: Ground Floor | C14: 200mm Slab | D14: Slab | E14: 20 | F14: 25 | G14: 0.2 | H14: Slab Plastering | I14: 1 | J14: 1 | P14: =E14*F14*I14*J14 -> 500 | V14: =+P14 -> 500
A15: 14 | B15: First Floor | C15: 200mm Slab | D15: Slab | E15: 20 | F15: 25 | G15: 0.2 | H15: Slab Plastering | I15: 1 | J15: 1 | P15: =E15*F15*I15*J15 -> 500 | V15: =+P15 -> 500
A16: 15 | B16: Second Floor | C16: 200mm Slab | D16: Slab | E16: 20 | F16: 25 | G16: 0.2 | H16: Slab Plastering | I16: 1 | J16: 1 | P16: =E16*F16*I16*J16 -> 500 | V16: =+P16 -> 500
A17: 16 | B17: Ground Floor | C17: Room 1 | D17: Gypsum 100 | E17: 1 | F17: 0.1 | G17: 2 | H17: Doors | I17: 20 | J17: 1 | R17: =(E17+G17*2)*I17*J17 -> 100 | S17: =+R17*F17 -> 10 | W17: =+S17 -> 10
A18: 17 | B18: First Floor | C18: Room 2 | D18: Gypsum 150 | E18: 1 | F18: 0.15 | G18: 2 | H18: Doors | I18: 20 | J18: 1 | R18: =(E18+G18*2)*I18*J18 -> 100 | S18: =+R18*F18 -> 15 | W18: =+S18 -> 15
A19: 18 | B19: Second Floor | C19: Room 3 | D19: Gypsum 200 | E19: 1 | F19: 0.2 | G19: 2 | H19: Doors | I19: 20 | J19: 1 | R19: =(E19+G19*2)*I19*J19 -> 100 | S19: =+R19*F19 -> 20 | W19: =+S19 -> 20
A20: 19 | B20: Ground Floor | C20: Room 1 | D20: Block 100 | E20: 1 | F20: 0.1 | G20: 2 | H20: Doors | I20: 20 | J20: 1 | R20: =(E20+G20*2)*I20*J20 -> 100 | S20: =+R20*F20 -> 10 | W20: =+S20 -> 10
A21: 20 | B21: First Floor | C21: Room 2 | D21: Block 200 | E21: 1 | F21: 0.2 | G21: 2 | H21: Doors | I21: 20 | J21: 1 | R21: =(E21+G21*2)*I21*J21 -> 100 | S21: =+R21*F21 -> 20 | W21: =+S21 -> 20
A22: 21 | B22: Ground Floor | C22: Room 1 | D22: Block 100 | E22: 1 | F22: 0.1 | G22: 1 | H22: Windows | I22: 20 | J22: 1 | R22: =(E22+G22*2)*I22*J22 -> 60 | S22: =+R22*F22 -> 6 | X22: =+S22 -> 6
A23: 22 | B23: First Floor | C23: Room 2 | D23: Block 200 | E23: 1 | F23: 0.2 | G23: 1 | H23: Windows | I23: 20 | J23: 1 | R23: =(E23+G23*2)*I23*J23 -> 60 | S23: =+R23*F23 -> 12 | X23: =+S23 -> 12
A24: 23 | B24: Ground Floor | C24: Room 1 | D24: Tile | E24: 20 | F24: 25 | H24: Doors | I24: 1 | J24: 1 | P24: =+E24*F24*I24*J24 -> 500 | Y24: =+P24 -> 500
A25: 24 | B25: First Floor | C25: Room 2 | D25: Tile | E25: 20 | F25: 25 | H25: Doors | I25: 1 | J25: 1 | P25: =+E25*F25*I25*J25 -> 500 | Y25: =+P25 -> 500
A26: 25 | B26: Second Floor | C26: Room 3 | D26: Tile | E26: 20 | F26: 25 | H26: Doors | I26: 1 | J26: 1 | P26: =+E26*F26*I26*J26 -> 500 | Y26: =+P26 -> 500
A27: 26 | B27: Ground Floor | C27: Room 1 | D27: Gypsum 100 | E27: 10 | F27: 10 | G27: 3 | H27: Painting | I27: 2 | J27: 1 | R27: =I27*J27*(E27*2+F27*2) -> 80 | S27: =+R27*G27 -> 240 | Z27: =+S27 -> 240
A28: 27 | B28: First Floor | C28: Room 2 | D28: Gypsum 100 | E28: 10 | F28: 10 | G28: 3 | H28: Painting | I28: 2 | J28: 1 | R28: =I28*J28*(E28*2+F28*2) -> 80 | S28: =+R28*G28 -> 240 | Z28: =+S28 -> 240
A29: 28 | B29: Second Floor | C29: Room 3 | D29: Gypsum 100 | E29: 10 | F29: 10 | G29: 3 | H29: Painting | I29: 2 | J29: 1 | R29: =I29*J29*(E29*2+F29*2) -> 80 | S29: =+R29*G29 -> 240 | Z29: =+S29 -> 240
A30: 29 | B30: Ground Floor | C30: Room 1 | D30: Gypsum 150 | E30: 10 | F30: 10 | G30: 3 | H30: Painting | I30: 2 | J30: 1 | R30: =I30*J30*(E30*2+F30*2) -> 80 | S30: =+R30*G30 -> 240 | Z30: =+S30 -> 240
A31: 30 | B31: First Floor | C31: Room 2 | D31: Gypsum 150 | E31: 10 | F31: 10 | G31: 3 | H31: Painting | I31: 2 | J31: 1 | R31: =I31*J31*(E31*2+F31*2) -> 80 | S31: =+R31*G31 -> 240 | Z31: =+S31 -> 240
A32: 31 | B32: Second Floor | C32: Room 3 | D32: Gypsum 150 | E32: 10 | F32: 10 | G32: 3 | H32: Painting | I32: 2 | J32: 1 | R32: =I32*J32*(E32*2+F32*2) -> 80 | S32: =+R32*G32 -> 240 | Z32: =+S32 -> 240
A33: 32 | B33: Ground Floor | C33: Room 1 | D33: Gypsum 200 | E33: 10 | F33: 10 | G33: 3 | H33: Painting | I33: 2 | J33: 1 | R33: =I33*J33*(E33*2+F33*2) -> 80 | S33: =+R33*G33 -> 240 | Z33: =+S33 -> 240
A34: 33 | B34: First Floor | C34: Room 2 | D34: Gypsum 200 | E34: 10 | F34: 10 | G34: 3 | H34: Painting | I34: 2 | J34: 1 | R34: =I34*J34*(E34*2+F34*2) -> 80 | S34: =+R34*G34 -> 240 | Z34: =+S34 -> 240
A35: 34 | B35: Second Floor | C35: Room 3 | D35: Gypsum 200 | E35: 10 | F35: 10 | G35: 3 | H35: Painting | I35: 2 | J35: 1 | R35: =I35*J35*(E35*2+F35*2) -> 80 | S35: =+R35*G35 -> 240 | Z35: =+S35 -> 240
A36: 35 | B36: Ground Floor | C36: Room 1 | D36: Block 100 | E36: 10 | F36: 10 | G36: 3 | H36: Painting | I36: 4 | J36: 1 | P36: =+I36*J36*E36*F36 -> 400 | Z36: =+P36 -> 400 | AA36: =+Z36 -> 400
A37: 36 | B37: First Floor | C37: Room 2 | D37: Block 100 | E37: 10 | F37: 10 | G37: 3 | H37: Decorative Texture | I37: 4 | J37: 1 | P37: =+I37*J37*E37*F37 -> 400 | AB37: =+P37 -> 400
A38: 37 | B38: Second Floor | C38: Room 3 | D38: Block 100 | E38: 10 | F38: 10 | G38: 3 | H38: Painting | I38: 4 | J38: 1 | P38: =+I38*J38*E38*F38 -> 400 | Z38: =+P38 -> 400 | AA38: =+Z38 -> 400
A39: 38 | B39: Ground Floor | C39: Room 1 | D39: Block 200 | E39: 10 | F39: 10 | G39: 3 | H39: Painting | I39: 4 | J39: 1 | P39: =+I39*J39*E39*F39 -> 400 | Z39: =+P39 -> 400 | AA39: =+Z39 -> 400
A40: 39 | B40: First Floor | C40: Room 2 | D40: Block 200 | E40: 10 | F40: 10 | G40: 3 | H40: Decorative Texture | I40: 4 | J40: 1 | P40: =+I40*J40*E40*F40 -> 400 | AB40: =+P40 -> 400
A41: 40 | B41: Second Floor | C41: Room 3 | D41: Block 200 | E41: 10 | F41: 10 | G41: 3 | H41: Painting | I41: 4 | J41: 1 | P41: =+I41*J41*E41*F41 -> 400 | Z41: =+P41 -> 400 | AA41: =+Z41 -> 400
A42: 41 | B42: Ground Floor | C42: Room 1 | D42: Ceiling | E42: 10 | F42: 10 | G42: 3 | H42: Painting | I42: 1 | J42: 1 | P42: =+I42*J42*E42*F42 -> 100 | Z42: =+P42 -> 100 | AA42: =+Z42 -> 100
A43: 42 | B43: First Floor | C43: Room 2 | D43: Ceiling | E43: 10 | F43: 10 | G43: 3 | H43: Decorative Texture | I43: 1 | J43: 1 | P43: =+I43*J43*E43*F43 -> 100 | AB43: =+P43 -> 100
A44: 43 | B44: Second Floor | C44: Room 3 | D44: Ceiling | E44: 10 | F44: 10 | G44: 3 | H44: Painting | I44: 1 | J44: 1 | P44: =+I44*J44*E44*F44 -> 100 | Z44: =+P44 -> 100 | AA44: =+Z44 -> 100
A45: 44 | B45: Ground Floor | C45: Room 1 | D45: Gypsum 100 | E45: 1 | G45: 2 | H45: Painting | I45: 20 | J45: -1 | P45: =+I45*J45*E45*G45 -> -40 | Z45: =+P45 -> -40 | AA45: =+Z45 -> -40
A46: 45 | B46: First Floor | C46: Room 2 | D46: Gypsum 150 | E46: 1 | G46: 2 | H46: Painting | I46: 20 | J46: -1 | P46: =+I46*J46*E46*G46 -> -40 | Z46: =+P46 -> -40 | AA46: =+Z46 -> -40
A47: 46 | B47: Second Floor | C47: Room 3 | D47: Gypsum 200 | E47: 1 | G47: 2 | H47: Painting | I47: 20 | J47: -1 | P47: =+I47*J47*E47*G47 -> -40 | Z47: =+P47 -> -40 | AA47: =+Z47 -> -40
A48: 47 | B48: Ground Floor | C48: Room 1 | D48: Block 100 | E48: 1 | G48: 2 | H48: Painting | I48: 20 | J48: -1 | P48: =+I48*J48*E48*G48 -> -40 | Z48: =+P48 -> -40 | AA48: =+Z48 -> -40
A49: 48 | B49: First Floor | C49: Room 2 | D49: Block 200 | E49: 1 | G49: 2 | H49: Painting | I49: 20 | J49: -1 | P49: =+I49*J49*E49*G49 -> -40 | Z49: =+P49 -> -40 | AA49: =+Z49 -> -40
A50: 49 | B50: Ground Floor | C50: Room 1 | D50: Block 100 | E50: 1 | G50: 1 | H50: Painting | I50: 20 | J50: -1 | P50: =+I50*J50*E50*G50 -> -20 | Z50: =+P50 -> -20 | AA50: =+Z50 -> -20
A51: 50 | B51: First Floor | C51: Room 2 | D51: Block 200 | E51: 1 | G51: 1 | H51: Painting | I51: 20 | J51: -1 | P51: =+I51*J51*E51*G51 -> -20 | Z51: =+P51 -> -20 | AA51: =+Z51 -> -20
A52: 51 | B52: Ground Floor | C52: Room 1 | D52: Wall Panelling A | E52: 10 | F52: 10 | G52: 3 | H52: Panelling | I52: 1 | J52: 1 | P52: =+I52*J52*E52*F52 -> 100 | R52: =I52*J52*(E52*2+F52*2) -> 40 | S52: =+R52*G52 -> 120 | AC52: =+S52 -> 120
A53: 52 | B53: First Floor | C53: Room 2 | D53: Wall Panelling A | E53: 10 | F53: 10 | G53: 3 | H53: Panelling | I53: 1 | J53: 1 | P53: =+I53*J53*E53*F53 -> 100 | R53: =I53*J53*(E53*2+F53*2) -> 40 | S53: =+R53*G53 -> 120 | AC53: =+S53 -> 120
A54: 53 | B54: Second Floor | C54: Room 3 | D54: Wall Panelling B | E54: 10 | F54: 10 | G54: 3 | H54: Panelling | I54: 1 | J54: 1 | P54: =+I54*J54*E54*F54 -> 100 | R54: =I54*J54*(E54*2+F54*2) -> 40 | S54: =+R54*G54 -> 120 | AD54: =+S54 -> 120
A55: 54 | B55: Ground Floor | C55: Room 1 | D55: Wall Panelling A | E55: 1 | G55: 2 | H55: Panelling | I55: 20 | J55: -1 | P55: =+I55*J55*E55*G55 -> -40 | AC55: =+P55 -> -40
A56: 55 | B56: First Floor | C56: Room 2 | D56: Wall Panelling A | E56: 1 | G56: 2 | H56: Panelling | I56: 20 | J56: -1 | P56: =+I56*J56*E56*G56 -> -40 | AC56: =+P56 -> -40
A57: 56 | B57: Second Floor | C57: Room 3 | D57: Wall Panelling B | E57: 1 | G57: 2 | H57: Panelling | I57: 20 | J57: -1 | P57: =+I57*J57*E57*G57 -> -40 | AD57: =+P57 -> -40
A58: 57 | B58: Ground Floor | C58: Room 1 | D58: Ceiling | E58: 10 | F58: 10 | G58: 3 | H58: Panelling | I58: 1 | J58: 1 | P58: =+I58*J58*E58*F58 -> 100 | AE58: =+P58 -> 100
A59: 58 | B59: First Floor | C59: Room 2 | D59: Ceiling | E59: 10 | F59: 10 | G59: 3 | H59: Panelling | I59: 1 | J59: 1 | P59: =+I59*J59*E59*F59 -> 100 | AE59: =+P59 -> 100
A60: 59 | B60: Second Floor | C60: Room 3 | D60: Ceiling | E60: 10 | F60: 10 | G60: 3 | H60: Panelling | I60: 1 | J60: 1 | P60: =+I60*J60*E60*F60 -> 100 | AE60: =+P60 -> 100
T63: =SUM(T2:T62) -> 6000 | U63: =SUM(U2:U62) -> 3000 | V63: =SUM(V2:V62) -> 1500 | W63: =SUM(W2:W62) -> 75 | X63: =SUM(X2:X62) -> 18 | Y63: =SUM(Y2:Y62) -> 1500 | Z63: =SUM(Z2:Z62) -> 3720 | AA63: =SUM(AA2:AA62) -> 1560 | ... AE63: =SUM(AE2:AE62) -> 300
T64: sqm | U64: sqm | V64: sqm | W64: sqm | X64: sqm | Y64: sqm | Z64: sqm | AA64: sqm | AB64: sqm | AC64: sqm | AD64: sqm | AE64: sqm

Sheet QTO-Joineries
A1: Sl. No. | B1: Drawing | C1: Description | D1: Item | E1: L | F1: B | G1: H | H1: Sub-Item | I1: Nos | J1: Nos | K1: L | L1: B | M1: H | N1: T | O1: Qty | P1: Area | Q1: Perimeter | R1: Surface Area | S1: D1 | T1: D2 | U1: D3 | V1: D4 | W1: D5 | X1: Wardrobe A | Y1: Wardrobe B
A2: 54 | B2: Ground Floor | C2: Room 1 | D2: D1 | E2: 1 | G2: 2 | H2: Door | I2: 20 | J2: 1 | P2: =+I2*J2*E2*G2 -> 40 | S2: =+I2*J2 -> 20
A3: 55 | B3: First Floor | C3: Room 2 | D3: D2 | E3: 1 | G3: 2 | H3: Door | I3: 20 | J3: 1 | P3: =+I3*J3*E3*G3 -> 40 | T3: =+I3*J3 -> 20
A4: 56 | B4: Second Floor | C4: Room 3 | D4: D3 | E4: 1 | G4: 2 | H4: Door | I4: 5 | J4: 1 | P4: =+I4*J4*E4*G4 -> 10 | U4: =+I4*J4 -> 5
A5: 56 | B5: Second Floor | C5: Room 3 | D5: D4 | E5: 1 | G5: 2 | H5: Door | I5: 5 | J5: 1 | P5: =+I5*J5*E5*G5 -> 10 | V5: =+I5*J5 -> 5
A6: 56 | B6: Second Floor | C6: Room 3 | D6: D5 | E6: 1 | G6: 2 | H6: Door | I6: 10 | J6: 1 | P6: =+I6*J6*E6*G6 -> 20 | W6: =+I6*J6 -> 10
A7: 56 | B7: Ground Floor | C7: Room 1 | D7: Wardrobe A | E7: 2 | G7: 2 | H7: Wardrobe | I7: 5 | J7: 1 | P7: =+I7*J7*E7*G7 -> 20 | X7: =+I7*J7 -> 5
A8: 56 | B8: Ground Floor | C8: Room 1 | D8: Wardrobe B | E8: 2 | G8: 2 | H8: Wardrobe | I8: 5 | J8: 1 | P8: =+I8*J8*E8*G8 -> 20 | Y8: =+I8*J8 -> 5
A9: 56 | B9: First Floor | C9: Room 2 | D9: Wardrobe A | E9: 2 | G9: 2 | H9: Wardrobe | I9: 5 | J9: 1 | P9: =+I9*J9*E9*G9 -> 20 | X9: =+I9*J9 -> 5
A10: 56 | B10: First Floor | C10: Room 2 | D10: Wardrobe B | E10: 2 | G10: 2 | H10: Wardrobe | I10: 5 | J10: 1 | P10: =+I10*J10*E10*G10 -> 20 | Y10: =+I10*J10 -> 5
A11: 56 | B11: Second Floor | C11: Room 3 | D11: Wardrobe A | E11: 2 | G11: 2 | H11: Wardrobe | I11: 5 | J11: 1 | P11: =+I11*J11*E11*G11 -> 20 | X11: =+I11*J11 -> 5
A12: 56 | B12: Second Floor | C12: Room 3 | D12: Wardrobe B | E12: 2 | G12: 2 | H12: Wardrobe | I12: 5 | J12: 1 | P12: =+I12*J12*E12*G12 -> 20 | Y12: =+I12*J12 -> 5
S15: =SUM(S2:S14) -> 20 | T15: =SUM(T2:T14) -> 20 | U15: =SUM(U2:U14) -> 5 | V15: =SUM(V2:V14) -> 5 | W15: =SUM(W2:W14) -> 10 | X15: =SUM(X2:X14) -> 15 | Y15: =SUM(Y2:Y14) -> 15
S16: nos | T16: nos | U16: nos | V16: nos | W16: nos | X16: nos | Y16: nos

Sheet Working BOQ
A1: Project - Interior Refurbishment for Medical Institute, Location A
A2: Working - Bill of Quantities
A3: BOQ Code | B3: Sl. No. | C3: BOQ Category | D3: Work Category | E3: Sub Work Category | F3: Group 1 | G3: Group 2 | H3: Group 3 | I3: Description | J3: Client Qty | K3: Unit | L3: Our Qty | M3: Qty Diff | N3: Quote Qty | O3: Cost | P3: Cost Amount | Q3: Margin | R3: Margin Amount | S3: Rate | T3: Amount
I4: Overhead Margin % | Q4: 0.1
I5: Profit Margin % | Q5: 0.3
I6: Logistics Margin % | Q6: 0.025
I7: Contingency Margin % | Q7: 0.05
I8: Total Margin % | Q8: =SUM(Q4:Q7) -> 0.475
A11: 1 | B11: 1 | I11: Preliminaries
A12: 1a | B12: a | C12: Preliminaries | D12: Staff | I12: Site Co-ordination | J12: 1 | K12: L/s | L12: 1 | M12: =L12-J12 -> 0 | N12: =L12 -> 1 | O12: =VLOOKUP(A12,'Rate Analysis'!A:R,16,0) -> 100000 | P12: =+O12*N12 -> 100000 | Q12: =O12*$Q$8 -> 47500 | R12: =+Q12*N12 -> 47500 | S12: =O12+Q12 -> 147500 | T12: =+S12*N12 -> 147500
A13: 1b | B13: b | C13: Preliminaries | D13: Staff | I13: Shop Drawings | J13: 1 | K13: L/s | L13: 1 | M13: =L13-J13 -> 0 | N13: =L13 -> 1 | O13: =VLOOKUP(A13,'Rate Analysis'!A:R,16,0) -> 100000 | P13: =+O13*N13 -> 100000 | Q13: =O13*$Q$8 -> 47500 | R13: =+Q13*N13 -> 47500 | S13: =O13+Q13 -> 147500 | T13: =+S13*N13 -> 147500
A14: 1c | B14: c | C14: Preliminaries | D14: Staff | I14: As-Built Drawings | J14: 1 | K14: L/s | L14: 1 | M14: =L14-J14 -> 0 | N14: =L14 -> 1 | O14: =VLOOKUP(A14,'Rate Analysis'!A:R,16,0) -> 100000 | P14: =+O14*N14 -> 100000 | Q14: =O14*$Q$8 -> 47500 | R14: =+Q14*N14 -> 47500 | S14: =O14+Q14 -> 147500 | T14: =+S14*N14 -> 147500
A15: 1d | B15: d | C15: Preliminaries | D15: Staff | I15: Material Submittals | J15: 1 | K15: L/s | L15: 1 | M15: =L15-J15 -> 0 | N15: =L15 -> 1 | O15: =VLOOKUP(A15,'Rate Analysis'!A:R,16,0) -> 100000 | P15: =+O15*N15 -> 100000 | Q15: =O15*$Q$8 -> 47500 | R15: =+Q15*N15 -> 47500 | S15: =O15+Q15 -> 147500 | T15: =+S15*N15 -> 147500
A16: 1e | B16: e | C16: Preliminaries | D16: Staff | I16: Sample Preparation | J16: 1 | K16: L/s | L16: 1 | M16: =L16-J16 -> 0 | N16: =L16 -> 1 | O16: =VLOOKUP(A16,'Rate Analysis'!A:R,16,0) -> 100000 | P16: =+O16*N16 -> 100000 | Q16: =O16*$Q$8 -> 47500 | R16: =+Q16*N16 -> 47500 | S16: =O16+Q16 -> 147500 | T16: =+S16*N16 -> 147500
A17: 1f | B17: f | C17: Preliminaries | D17: Staff | I17: Mock-ups | J17: 1 | K17: L/s | L17: 1 | M17: =L17-J17 -> 0 | N17: =L17 -> 1 | O17: =VLOOKUP(A17,'Rate Analysis'!A:R,16,0) -> 100000 | P17: =+O17*N17 -> 100000 | Q17: =O17*$Q$8 -> 47500 | R17: =+Q17*N17 -> 47500 | S17: =O17+Q17 -> 147500 | T17: =+S17*N17 -> 147500
A18: 1g | B18: g | C18: Preliminaries | D18: Bank | I18: Bonds | J18: 1 | K18: L/s | L18: 1 | M18: =L18-J18 -> 0 | N18: =L18 -> 1 | O18: =VLOOKUP(A18,'Rate Analysis'!A:R,16,0) -> 100000 | P18: =+O18*N18 -> 100000 | Q18: =O18*$Q$8 -> 47500 | R18: =+Q18*N18 -> 47500 | S18: =O18+Q18 -> 147500 | T18: =+S18*N18 -> 147500
A19: 1h | B19: h | C19: Preliminaries | D19: Staff | I19: Site-Office Setup | J19: 1 | K19: L/s | L19: 1 | M19: =L19-J19 -> 0 | N19: =L19 -> 1 | O19: =VLOOKUP(A19,'Rate Analysis'!A:R,16,0) -> 100000 | P19: =+O19*N19 -> 100000 | Q19: =O19*$Q$8 -> 47500 | R19: =+Q19*N19 -> 47500 | S19: =O19+Q19 -> 147500 | T19: =+S19*N19 -> 147500
A20: 1i | B20: i | C20: Preliminaries | D20: Bank | I20: Insurances | J20: 1 | K20: L/s | L20: 1 | M20: =L20-J20 -> 0 | N20: =L20 -> 1 | O20: =VLOOKUP(A20,'Rate Analysis'!A:R,16,0) -> 100000 | P20: =+O20*N20 -> 100000 | Q20: =O20*$Q$8 -> 47500 | R20: =+Q20*N20 -> 47500 | S20: =O20+Q20 -> 147500 | T20: =+S20*N20 -> 147500
A22: 2 | B22: 2 | I22: Demolition
A23: 2a | B23: a | C23: Demolition | D23: Civil | I23: Demolition of Blockwork | J23: 1 | K23: L/s | L23: 1 | M23: =L23-J23 -> 0 | N23: =L23 -> 1 | O23: =VLOOKUP(A23,'Rate Analysis'!A:R,16,0) -> 1365 | P23: =+O23*N23 -> 1365 | Q23: =O23*$Q$8 -> 648.375 | R23: =+Q23*N23 -> 648.375 | S23: =O23+Q23 -> 2013.375 | T23: =+S23*N23 -> 2013.375
A24: 2b | B24: b | C24: Demolition | D24: ID | I24: Demolition of Gypsum Partition | J24: 1 | K24: L/s | L24: 1 | M24: =L24-J24 -> 0 | N24: =L24 -> 1 | O24: =VLOOKUP(A24,'Rate Analysis'!A:R,16,0) -> 1075 | P24: =+O24*N24 -> 1075 | Q24: =O24*$Q$8 -> 510.625 | R24: =+Q24*N24 -> 510.625 | S24: =O24+Q24 -> 1585.625 | T24: =+S24*N24 -> 1585.625
A25: 2c | B25: c | C25: Demolition | D25: MEP | I25: Stripping out HVAC Systems | J25: 1 | K25: L/s | L25: 1 | M25: =L25-J25 -> 0 | N25: =L25 -> 1 | O25: =VLOOKUP(A25,'Rate Analysis'!A:R,16,0) -> 1100 | P25: =+O25*N25 -> 1100 | Q25: =O25*$Q$8 -> 522.5 | R25: =+Q25*N25 -> 522.5 | S25: =O25+Q25 -> 1622.5 | T25: =+S25*N25 -> 1622.5
A26: 2d | B26: d | C26: Demolition | D26: MEP | I26: Removal of Fire Sprinklers | J26: 1 | K26: L/s | L26: 1 | M26: =L26-J26 -> 0 | N26: =L26 -> 1 | O26: =VLOOKUP(A26,'Rate Analysis'!A:R,16,0) -> 1390 | P26: =+O26*N26 -> 1390 | Q26: =O26*$Q$8 -> 660.25 | R26: =+Q26*N26 -> 660.25 | S26: =O26+Q26 -> 2050.25 | T26: =+S26*N26 -> 2050.25
A27: 2e | B27: e | C27: Demolition | D27: MEP | I27: Removal of Smoke & Fire Detectors | J27: 1 | K27: L/s | L27: 1 | M27: =L27-J27 -> 0 | N27: =L27 -> 1 | O27: =VLOOKUP(A27,'Rate Analysis'!A:R,16,0) -> 1390 | P27: =+O27*N27 -> 1390 | Q27: =O27*$Q$8 -> 660.25 | R27: =+Q27*N27 -> 660.25 | S27: =O27+Q27 -> 2050.25 | T27: =+S27*N27 -> 2050.25
A28: 2f | B28: f | C28: Demolition | D28: MEP | I28: Removal of Fire Hose Reel | J28: 1 | K28: L/s | L28: 1 | M28: =L28-J28 -> 0 | N28: =L28 -> 1 | O28: =VLOOKUP(A28,'Rate Analysis'!A:R,16,0) -> 1390 | P28: =+O28*N28 -> 1390 | Q28: =O28*$Q$8 -> 660.25 | R28: =+Q28*N28 -> 660.25 | S28: =O28+Q28 -> 2050.25 | T28: =+S28*N28 -> 2050.25
A29: 2g | B29: g | C29: Demolition | D29: MEP | I29: Removal of Fire Water Piping | J29: 1 | K29: L/s | L29: 1 | M29: =L29-J29 -> 0 | N29: =L29 -> 1 | O29: =VLOOKUP(A29,'Rate Analysis'!A:R,16,0) -> 1390 | P29: =+O29*N29 -> 1390 | Q29: =O29*$Q$8 -> 660.25 | R29: =+Q29*N29 -> 660.25 | S29: =O29+Q29 -> 2050.25 | T29: =+S29*N29 -> 2050.25
A30: 2h | B30: h | C30: Demolition | D30: MEP | I30: Removal of IT items | J30: 1 | K30: L/s | L30: 1 | M30: =L30-J30 -> 0 | N30: =L30 -> 1 | O30: =VLOOKUP(A30,'Rate Analysis'!A:R,16,0) -> 1075 | P30: =+O30*N30 -> 1075 | Q30: =O30*$Q$8 -> 510.625 | R30: =+Q30*N30 -> 510.625 | S30: =O30+Q30 -> 1585.625 | T30: =+S30*N30 -> 1585.625
A31: 2i | B31: i | C31: Demolition | D31: ID | I31: Removal of Loose Furniture | J31: 1 | K31: L/s | L31: 1 | M31: =L31-J31 -> 0 | N31: =L31 -> 1 | O31: =VLOOKUP(A31,'Rate Analysis'!A:R,16,0) -> 2400 | P31: =+O31*N31 -> 2400 | Q31: =O31*$Q$8 -> 1140 | R31: =+Q31*N31 -> 1140 | S31: =O31+Q31 -> 3540 | T31: =+S31*N31 -> 3540
A32: 2j | B32: j | C32: Demolition | D32: ID | I32: Removal of Wall Panelling | J32: 1 | K32: L/s | L32: 1 | M32: =L32-J32 -> 0 | N32: =L32 -> 1 | O32: =VLOOKUP(A32,'Rate Analysis'!A:R,16,0) -> 2400 | P32: =+O32*N32 -> 2400 | Q32: =O32*$Q$8 -> 1140 | R32: =+Q32*N32 -> 1140 | S32: =O32+Q32 -> 3540 | T32: =+S32*N32 -> 3540
A33: 2k | B33: k | C33: Demolition | D33: ID | I33: Removal of Custom-Joinery | J33: 1 | K33: L/s | L33: 1 | M33: =L33-J33 -> 0 | N33: =L33 -> 1 | O33: =VLOOKUP(A33,'Rate Analysis'!A:R,16,0) -> 2400 | P33: =+O33*N33 -> 2400 | Q33: =O33*$Q$8 -> 1140 | R33: =+Q33*N33 -> 1140 | S33: =O33+Q33 -> 3540 | T33: =+S33*N33 -> 3540
A34: 2l | B34: l | C34: Demolition | D34: MEP | I34: Removal of CCTV | J34: 1 | K34: L/s | L34: 1 | M34: =L34-J34 -> 0 | N34: =L34 -> 1 | O34: =VLOOKUP(A34,'Rate Analysis'!A:R,16,0) -> 1075 | P34: =+O34*N34 -> 1075 | Q34: =O34*$Q$8 -> 510.625 | R34: =+Q34*N34 -> 510.625 | S34: =O34+Q34 -> 1585.625 | T34: =+S34*N34 -> 1585.625
... A40: 2r | B40: r | C40: Demolition | D40: ID | I40: Demolition of Glass Partition | J40: 1 | K40: L/s | L40: 1 | M40: =L40-J40 -> 0 | N40: =L40 -> 1 | O40: =VLOOKUP(A40,'Rate Analysis'!A:R,16,0) -> 52.5 | P40: =+O40*N40 -> 52.5 | Q40: =O40*$Q$8 -> 24.9375 | R40: =+Q40*N40 -> 24.9375 | S40: =O40+Q40 -> 77.4375 | T40: =+S40*N40 -> 77.4375
A42: 3 | B42: 3 | I42: Civil Works
A43: 3a | B43: a | C43: Civil Works | D43: Civil | E43: Concrete | I43: M30 Concrete for Columns | J43: 1025 | K43: cbm | L43: ='QTO-Structure'!T25 -> 1025 | M43: =L43-J43 -> 0 | N43: =L43 -> 1025 | O43: =VLOOKUP(A43,'Rate Analysis'!A:R,16,0) -> 1667.5 | P43: =+O43*N43 -> 1709187.5 | Q43: =O43*$Q$8 -> 792.0625 | R43: =+Q43*N43 -> 811864.06 | S43: =O43+Q43 -> 2459.5625 | T43: =+S43*N43 -> 2521051.6
A44: 3b | B44: b | C44: Civil Works | D44: Civil | E44: Concrete | I44: M30 Concrete for Beams | J44: 100 | K44: cbm | L44: =+'QTO-Structure'!U25 -> 600 | M44: =L44-J44 -> 500 | N44: =L44 -> 600 | O44: =VLOOKUP(A44,'Rate Analysis'!A:R,16,0) -> 2375 | P44: =+O44*N44 -> 1425000 | Q44: =O44*$Q$8 -> 1128.125 | R44: =+Q44*N44 -> 676875 | S44: =O44+Q44 -> 3503.125 | T44: =+S44*N44 -> 2101875
A45: 3c | B45: c | C45: Civil Works | D45: Civil | E45: Concrete | I45: M30 Concrete for Slabs | J45: 400 | K45: cbm | L45: =+'QTO-Structure'!V25 -> 400 | M45: =L45-J45 -> 0 | N45: =L45 -> 400 | O45: =VLOOKUP(A45,'Rate Analysis'!A:R,16,0) -> 1655 | P45: =+O45*N45 -> 662000 | Q45: =O45*$Q$8 -> 786.125 | R45: =+Q45*N45 -> 314450 | S45: =O45+Q45 -> 2441.125 | T45: =+S45*N45 -> 976450
A46: 3d | B46: d | C46: Civil Works | D46: Civil | E46: Steel | I46: Pre-tensioning works | J46: 1 | K46: L/s | L46: 1 | M46: =L46-J46 -> 0 | N46: =L46 -> 1 | O46: =VLOOKUP(A46,'Rate Analysis'!A:R,16,0) -> 123500 | P46: =+O46*N46 -> 123500 | Q46: =O46*$Q$8 -> 58662.5 | R46: =+Q46*N46 -> 58662.5 | S46: =O46+Q46 -> 182162.5 | T46: =+S46*N46 -> 182162.5
A47: 3e | B47: e | C47: Civil Works | D47: Civil | E47: Shuttering | I47: Shuttering for Columns | J47: 6850 | K47: sqm | L47: =+'QTO-Structure'!W25 -> 6850 | M47: =L47-J47 -> 0 | N47: =L47 -> 6850 | O47: =VLOOKUP(A47,'Rate Analysis'!A:R,16,0) -> 150 | P47: =+O47*N47 -> 1027500 | Q47: =O47*$Q$8 -> 71.25 | R47: =+Q47*N47 -> 488062.5 | S47: =O47+Q47 -> 221.25 | T47: =+S47*N47 -> 1515562.5
A48: 3f | B48: f | C48: Civil Works | D48: Civil | E48: Shuttering | I48: Shuttering for Beams | J48: 1000 | K48: sqm | L48: =+'QTO-Structure'!X25 -> 1400 | M48: =L48-J48 -> 400 | N48: =L48 -> 1400 | O48: =VLOOKUP(A48,'Rate Analysis'!A:R,16,0) -> 180 | P48: =+O48*N48 -> 252000 | Q48: =O48*$Q$8 -> 85.5 | R48: =+Q48*N48 -> 119700 | S48: =O48+Q48 -> 265.5 | T48: =+S48*N48 -> 371700
A49: 3g | B49: g | C49: Civil Works | D49: Civil | E49: Shuttering | I49: Shuttering for Slabs | J49: 2000 | K49: sqm | L49: =+'QTO-Structure'!Y25 -> 2000 | M49: =L49-J49 -> 0 | N49: =L49 -> 2000 | O49: =VLOOKUP(A49,'Rate Analysis'!A:R,16,0) -> 190 | P49: =+O49*N49 -> 380000 | Q49: =O49*$Q$8 -> 90.25 | R49: =+Q49*N49 -> 180500 | S49: =O49+Q49 -> 280.25 | T49: =+S49*N49 -> 560500
A50: 3h | B50: h | C50: Civil Works | D50: Civil | E50: Scaffolding | I50: Scaffolding for Columns | J50: 6850 | K50: sqm | L50: =+'QTO-Structure'!Z25 -> 6850 | M50: =L50-J50 -> 0 | N50: =L50 -> 6850 | O50: =VLOOKUP(A50,'Rate Analysis'!A:R,16,0) -> 80 | P50: =+O50*N50 -> 548000 | Q50: =O50*$Q$8 -> 38 | R50: =+Q50*N50 -> 260300 | S50: =O50+Q50 -> 118 | T50: =+S50*N50 -> 808300
A51: 3i | B51: i | C51: Civil Works | D51: Civil | E51: Scaffolding | I51: Scaffolding for Beams | J51: 1400 | K51: sqm | L51: =+'QTO-Structure'!AA25 -> 1400 | M51: =L51-J51 -> 0 | N51: =L51 -> 1400 | O51: =VLOOKUP(A51,'Rate Analysis'!A:R,16,0) -> 50 | P51: =+O51*N51 -> 70000 | Q51: =O51*$Q$8 -> 23.75 | R51: =+Q51*N51 -> 33250 | S51: =O51+Q51 -> 73.75 | T51: =+S51*N51 -> 103250
A52: 3j | B52: j | C52: Civil Works | D52: Civil | E52: Scaffolding | I52: Scaffolding for Slabs | J52: 2000 | K52: sqm | L52: =+'QTO-Structure'!AB25 -> 2000 | M52: =L52-J52 -> 0 | N52: =L52 -> 2000 | O52: =VLOOKUP(A52,'Rate Analysis'!A:R,16,0) -> 80 | P52: =+O52*N52 -> 160000 | Q52: =O52*$Q$8 -> 38 | R52: =+Q52*N52 -> 76000 | S52: =O52+Q52 -> 118 | T52: =+S52*N52 -> 236000
A53: 3k | B53: k | C53: Civil Works | D53: ID | E53: Gypsum | F53: Partition | I53: 100mm Gypsum Partitions | J53: 680 | K53: sqm | L53: =+'QTO-Walls'!T30 -> 680 | M53: =L53-J53 -> 0 | N53: =L53 -> 680 | O53: =VLOOKUP(A53,'Rate Analysis'!A:R,16,0) -> 125 | P53: =+O53*N53 -> 85000 | Q53: =O53*$Q$8 -> 59.375 | R53: =+Q53*N53 -> 40375 | S53: =O53+Q53 -> 184.375 | T53: =+S53*N53 -> 125375
A54: 3l | B54: l | C54: Civil Works | D54: ID | E54: Gypsum | F54: Partition | I54: 150mm Gypsum Partitions | J54: 680 | K54: sqm | L54: =+'QTO-Walls'!U30 -> 680 | M54: =L54-J54 -> 0 | N54: =L54 -> 680 | O54: =VLOOKUP(A54,'Rate Analysis'!A:R,16,0) -> 100 | P54: =+O54*N54 -> 68000 | Q54: =O54*$Q$8 -> 47.5 | R54: =+Q54*N54 -> 32300 | S54: =O54+Q54 -> 147.5 | T54: =+S54*N54 -> 100300
A55: 3m | B55: m | C55: Civil Works | D55: ID | E55: Gypsum | F55: Partition | I55: 200mm Gypsum Partitions | J55: 680 | K55: sqm | L55: =+'QTO-Walls'!V30 -> 680 | M55: =L55-J55 -> 0 | N55: =L55 -> 680 | O55: =VLOOKUP(A55,'Rate Analysis'!A:R,16,0) -> 50 | P55: =+O55*N55 -> 34000 | Q55: =O55*$Q$8 -> 23.75 | R55: =+Q55*N55 -> 16150 | S55: =O55+Q55 -> 73.75 | T55: =+S55*N55 -> 50150
A56: 3n | B56: n | C56: Civil Works | D56: ID | E56: Walls | F56: Blockwork | I56: 100mm Blockwork | J56: 1380 | K56: sqm | L56: =+'QTO-Walls'!W30 -> 1380 | M56: =L56-J56 -> 0 | N56: =L56 -> 1380 | O56: =VLOOKUP(A56,'Rate Analysis'!A:R,16,0) -> 8917.5 | P56: =+O56*N56 -> 12306150 | Q56: =O56*$Q$8 -> 4235.8125 | R56: =+Q56*N56 -> 5845421.2 | S56: =O56+Q56 -> 13153.312 | T56: =+S56*N56 -> 18151571
A57: 3o | B57: o | C57: Civil Works | D57: ID | E57: Walls | F57: Blockwork | I57: 200mm Blockwork | J57: 1000 | K57: sqm | L57: =+'QTO-Walls'!X30 -> 1380 | M57: =L57-J57 -> 380 | N57: =L57 -> 1380 | O57: =VLOOKUP(A57,'Rate Analysis'!A:R,16,0) -> 18335 | P57: =+O57*N57 -> 25302300 | Q57: =O57*$Q$8 -> 8709.125 | R57: =+Q57*N57 -> 12018592 | S57: =O57+Q57 -> 27044.125 | T57: =+S57*N57 -> 37320892
A58: 3p | B58: p | C58: Civil Works | D58: ID | E58: Gypsum | F58: Ceiling | I58: Gypsum False Ceiling | J58: 300 | K58: sqm | L58: =+'QTO-Walls'!Y30 -> 300 | M58: =L58-J58 -> 0 | N58: =L58 -> 300 | O58: =VLOOKUP(A58,'Rate Analysis'!A:R,16,0) -> 125 | P58: =+O58*N58 -> 37500 | Q58: =O58*$Q$8 -> 59.375 | R58: =+Q58*N58 -> 17812.5 | S58: =O58+Q58 -> 184.375 | T58: =+S58*N58 -> 55312.5
A60: 4 | B60: 4 | I60: Finishing Works
A61: 4a | B61: a | C61: Finishing Works | D61: CIVIL | E61: Plastering | I61: Column Plastering | J61: 6000 | K61: sqm | L61: =+'QTO-Finishes'!T63 -> 6000 | M61: =L61-J61 -> 0 | N61: =L61 -> 6000 | O61: =VLOOKUP(A61,'Rate Analysis'!A:R,16,0) -> 1377.5 | P61: =+O61*N61 -> 8265000 | Q61: =O61*$Q$8 -> 654.3125 | R61: =+Q61*N61 -> 3925875 | S61: =O61+Q61 -> 2031.8125 | T61: =+S61*N61 -> 12190875
A62: 4b | B62: b | C62: Finishing Works | D62: CIVIL | E62: Plastering | I62: Beam Plastering | J62: 3000 | K62: sqm | L62: =+'QTO-Finishes'!U63 -> 3000 | M62: =L62-J62 -> 0 | N62: =L62 -> 3000 | O62: =VLOOKUP(A62,'Rate Analysis'!A:R,16,0) -> 1377.5 | P62: =+O62*N62 -> 4132500 | Q62: =O62*$Q$8 -> 654.3125 | R62: =+Q62*N62 -> 1962937.5 | S62: =O62+Q62 -> 2031.8125 | T62: =+S62*N62 -> 6095437.5
A63: 4c | B63: c | C63: Finishing Works | D63: CIVIL | E63: Plastering | I63: Ceiling Plastering | J63: 1500 | K63: sqm | L63: =+'QTO-Finishes'!V63 -> 1500 | M63: =L63-J63 -> 0 | N63: =L63 -> 1500 | O63: =VLOOKUP(A63,'Rate Analysis'!A:R,16,0) -> 1377.5 | P63: =+O63*N63 -> 2066250 | Q63: =O63*$Q$8 -> 654.3125 | R63: =+Q63*N63 -> 981468.75 | S63: =O63+Q63 -> 2031.8125 | T63: =+S63*N63 -> 3047718.8
A64: 4d | B64: d | C64: Finishing Works | D64: CIVIL | E64: Plastering | I64: Jamb finishing for Doors | J64: 75 | K64: sqm | L64: =+'QTO-Finishes'!W63 -> 75 | M64: =L64-J64 -> 0 | N64: =L64 -> 75 | O64: =VLOOKUP(A64,'Rate Analysis'!A:R,16,0) -> 3667.5 | P64: =+O64*N64 -> 275062.5 | Q64: =O64*$Q$8 -> 1742.0625 | R64: =+Q64*N64 -> 130654.69 | S64: =O64+Q64 -> 5409.5625 | T64: =+S64*N64 -> 405717.19
A65: 4e | B65: e | C65: Finishing Works | D65: CIVIL | E65: Plastering | I65: Jamb finishing for Windows | J65: 18 | K65: sqm | L65: =+'QTO-Finishes'!X63 -> 18 | M65: =L65-J65 -> 0 | N65: =L65 -> 18 | O65: =VLOOKUP(A65,'Rate Analysis'!A:R,16,0) -> 3667.5 | P65: =+O65*N65 -> 66015 | Q65: =O65*$Q$8 -> 1742.0625 | R65: =+Q65*N65 -> 31357.125 | S65: =O65+Q65 -> 5409.5625 | T65: =+S65*N65 -> 97372.125
A66: 4f | B66: f | C66: Finishing Works | D66: ID | E66: Flooring | I66: 600x600mm Porcelain Tile Flooring | J66: 1500 | K66: sqm | L66: =+'QTO-Finishes'!Y63 -> 1500 | M66: =L66-J66 -> 0 | N66: =L66 -> 1500 | O66: =VLOOKUP(A66,'Rate Analysis'!A:R,16,0) -> 125 | P66: =+O66*N66 -> 187500 | Q66: =O66*$Q$8 -> 59.375 | R66: =+Q66*N66 -> 89062.5 | S66: =O66+Q66 -> 184.375 | T66: =+S66*N66 -> 276562.5
A67: 4g | B67: g | C67: Finishing Works | D67: ID | E67: Wall Finishes | I67: Interior Emulsion Paint Finish | J67: 3720 | K67: sqm | L67: =+'QTO-Finishes'!Z63 -> 3720 | M67: =L67-J67 -> 0 | N67: =L67 -> 3720 | O67: =VLOOKUP(A67,'Rate Analysis'!A:R,16,0) -> 45 | P67: =+O67*N67 -> 167400 | Q67: =O67*$Q$8 -> 21.375 | R67: =+Q67*N67 -> 79515 | S67: =O67+Q67 -> 66.375 | T67: =+S67*N67 -> 246915
A68: 4h | B68: h | C68: Finishing Works | D68: Civil | E68: Wall Finishes | I68: Exerior Emulsion Paint Finish | J68: 1560 | K68: sqm | L68: =+'QTO-Finishes'!AA63 -> 1560 | M68: =L68-J68 -> 0 | N68: =L68 -> 1560 | O68: =VLOOKUP(A68,'Rate Analysis'!A:R,16,0) -> 45 | P68: =+O68*N68 -> 70200 | Q68: =O68*$Q$8 -> 21.375 | R68: =+Q68*N68 -> 33345 | S68: =O68+Q68 -> 66.375 | T68: =+S68*N68 -> 103545
A69: 4i | B69: i | C69: Finishing Works | D69: ID | E69: Wall Finishes | I69: Decorative Texture Plaster Finish | J69: 1000 | K69: sqm | L69: =+'QTO-Finishes'!AB63 -> 900 | M69: =L69-J69 -> -100 | N69: =L69 -> 900 | O69: =VLOOKUP(A69,'Rate Analysis'!A:R,16,0) -> 25 | P69: =+O69*N69 -> 22500 | Q69: =O69*$Q$8 -> 11.875 | R69: =+Q69*N69 -> 10687.5 | S69: =O69+Q69 -> 36.875 | T69: =+S69*N69 -> 33187.5
A71: 5 | B71: 5 | I71: Joinery Works
A72: 5a | B72: a | C72: Joinery Works | D72: ID | E72: Joinery | F72: Door | G72: NFR | H72: Single | I72: D1 - Door | J72: 20 | K72: Nos | L72: =+'QTO-Joineries'!S15 -> 20 | M72: =L72-J72 -> 0 | N72: =L72 -> 20 | O72: =VLOOKUP(A72,'Rate Analysis'!A:R,16,0) -> 5551.2778 | P72: =+O72*N72 -> 111025.56 | Q72: =O72*$Q$8 -> 2636.8569 | R72: =+Q72*N72 -> 52737.139 | S72: =O72+Q72 -> 8188.1347 | T72: =+S72*N72 -> 163762.69
A73: 5b | B73: b | C73: Joinery Works | D73: ID | E73: Joinery | F73: Door | G73: NFR | H73: Double | I73: D2 - Door | J73: 10 | K73: Nos | L73: =+'QTO-Joineries'!T15 -> 20 | M73: =L73-J73 -> 10 | N73: =L73 -> 20 | O73: =VLOOKUP(A73,'Rate Analysis'!A:R,16,0) -> 8475.5556 | P73: =+O73*N73 -> 169511.11 | Q73: =O73*$Q$8 -> 4025.8889 | R73: =+Q73*N73 -> 80517.778 | S73: =O73+Q73 -> 12501.444 | T73: =+S73*N73 -> 250028.89
A74: 5c | B74: c | C74: Joinery Works | D74: ID | E74: Joinery | F74: Door | G74: NFR | H74: Double | I74: D3 - Door | J74: 10 | K74: Nos | L74: =+'QTO-Joineries'!U15 -> 5 | M74: =L74-J74 -> -5 | N74: =L74 -> 5 | O74: =VLOOKUP(A74,'Rate Analysis'!A:R,16,0) -> 9028.1111 | P74: =+O74*N74 -> 45140.556 | Q74: =O74*$Q$8 -> 4288.3528 | R74: =+Q74*N74 -> 21441.764 | S74: =O74+Q74 -> 13316.464 | T74: =+S74*N74 -> 66582.319
A75: 5d | B75: d | C75: Joinery Works | D75: ID | E75: Joinery | F75: Door | G75: FR | H75: Single | I75: D4 - Door | J75: 5 | K75: Nos | L75: =+'QTO-Joineries'!V15 -> 5 | M75: =L75-J75 -> 0 | N75: =L75 -> 5 | O75: =VLOOKUP(A75,'Rate Analysis'!A:R,16,0) -> 5838.7778 | P75: =+O75*N75 -> 29193.889 | Q75: =O75*$Q$8 -> 2773.4194 | R75: =+Q75*N75 -> 13867.097 | S75: =O75+Q75 -> 8612.1972 | T75: =+S75*N75 -> 43060.986
A76: 5e | B76: e | C76: Joinery Works | D76: ID | E76: Joinery | F76: Door | G76: FR | H76: Single | I76: D5 - Door | J76: 10 | K76: Nos | L76: =+'QTO-Joineries'!W15 -> 10 | M76: =L76-J76 -> 0 | N76: =L76 -> 10 | O76: =VLOOKUP(A76,'Rate Analysis'!A:R,16,0) -> 5343.7778 | P76: =+O76*N76 -> 53437.778 | Q76: =O76*$Q$8 -> 2538.2944 | R76: =+Q76*N76 -> 25382.944 | S76: =O76+Q76 -> 7882.0722 | T76: =+S76*N76 -> 78820.722
A77: 5f | B77: f | C77: Joinery Works | D77: ID | E77: Joinery | F77: Wall Cladding | I77: Wall Panelling A | J77: 160 | K77: sqm | L77: =+'QTO-Finishes'!AC63 -> 160 | M77: =L77-J77 -> 0 | N77: =L77 -> 160 | O77: =VLOOKUP(A77,'Rate Analysis'!A:R,16,0) -> 2221.7708 | P77: =+O77*N77 -> 355483.33 | Q77: =O77*$Q$8 -> 1055.3411 | R77: =+Q77*N77 -> 168854.58 | S77: =O77+Q77 -> 3277.112 | T77: =+S77*N77 -> 524337.92
A78: 5g | B78: g | C78: Joinery Works | D78: ID | E78: Joinery | F78: Wall Cladding | I78: Wall Panelling B | J78: 80 | K78: sqm | L78: =+'QTO-Finishes'!AD63 -> 80 | M78: =L78-J78 -> 0 | N78: =L78 -> 80 | O78: =VLOOKUP(A78,'Rate Analysis'!A:R,16,0) -> 3367.5417 | P78: =+O78*N78 -> 269403.33 | Q78: =O78*$Q$8 -> 1599.5823 | R78: =+Q78*N78 -> 127966.58 | S78: =O78+Q78 -> 4967.124 | T78: =+S78*N78 -> 397369.92
A79: 5h | B79: h | C79: Joinery Works | D79: ID | E79: Joinery | F79: Ceiling Cladding | I79: Ceiling Panelling | J79: 300 | K79: Nos | L79: =+'QTO-Finishes'!AE63 -> 300 | M79: =L79-J79 -> 0 | N79: =L79 -> 300 | O79: =VLOOKUP(A79,'Rate Analysis'!A:R,16,0) -> 11058.576 | P79: =+O79*N79 -> 3317572.9 | Q79: =O79*$Q$8 -> 5252.8238 | R79: =+Q79*N79 -> 1575847.1 | S79: =O79+Q79 -> 16311.4 | T79: =+S79*N79 -> 4893420.1
A80: 5i | B80: i | C80: Joinery Works | D80: ID | E80: Joinery | F80: Cabinet | I80: Wardrobe A | J80: 15 | K80: Nos | L80: =+'QTO-Joineries'!X15 -> 15 | M80: =L80-J80 -> 0 | N80: =L80 -> 15 | O80: =VLOOKUP(A80,'Rate Analysis'!A:R,16,0) -> 10183.431 | P80: =+O80*N80 -> 152751.46 | Q80: =O80*$Q$8 -> 4837.1295 | R80: =+Q80*N80 -> 72556.943 | S80: =O80+Q80 -> 15020.56 | T80: =+S80*N80 -> 225308.4
A81: 5j | B81: j | C81: Joinery Works | D81: ID | E81: Joinery | F81: Cabinet | I81: Wardrobe B | J81: 10 | K81: Nos | L81: =+'QTO-Joineries'!Y15 -> 15 | M81: =L81-J81 -> 5 | N81: =L81 -> 15 | O81: =VLOOKUP(A81,'Rate Analysis'!A:R,16,0) -> 12874.288 | P81: =+O81*N81 -> 193114.32 | Q81: =O81*$Q$8 -> 6115.2869 | R81: =+Q81*N81 -> 91729.303 | S81: =O81+Q81 -> 18989.575 | T81: =+S81*N81 -> 284843.63
A82: 5k | B82: k | C82: Joinery Works | D82: ID | E82: Joinery | F82: Counter | I82: Reception Desk | J82: 100 | K82: Nos | L82: 100 | M82: =L82-J82 -> 0 | N82: =L82 -> 100 | O82: =VLOOKUP(A82,'Rate Analysis'!A:R,16,0) -> 25939.549 | P82: =+O82*N82 -> 2593954.9 | Q82: =O82*$Q$8 -> 12321.286 | R82: =+Q82*N82 -> 1232128.6 | S82: =O82+Q82 -> 38260.834 | T82: =+S82*N82 -> 3826083.4
A84: 6 | B84: 6 | I84: Provisional Sums
A85: 6a | B85: a | C85: Provisional Sums | D85: ID | E85: FFE | I85: Loose Furniture | J85: 1 | K85: L/s | L85: 1 | M85: =L85-J85 -> 0 | N85: =L85 -> 1 | O85: =VLOOKUP(A85,'Rate Analysis'!A:R,16,0) -> 100000 | P85: =+O85*N85 -> 100000 | Q85: =O85*$Q$8 -> 47500 | R85: =+Q85*N85 -> 47500 | S85: =O85+Q85 -> 147500 | T85: =+S85*N85 -> 147500
A86: 6b | B86: b | C86: Provisional Sums | D86: MEP | I86: MEP Works | J86: 1 | K86: L/s | L86: 1 | M86: =L86-J86 -> 0 | N86: =L86 -> 1 | O86: =VLOOKUP(A86,'Rate Analysis'!A:R,16,0) -> 100000 | P86: =+O86*N86 -> 100000 | Q86: =O86*$Q$8 -> 47500 | R86: =+Q86*N86 -> 47500 | S86: =O86+Q86 -> 147500 | T86: =+S86*N86 -> 147500
A87: 6c | B87: c | C87: Provisional Sums | D87: MEP | I87: HVAC Works | J87: 1 | K87: L/s | L87: 1 | M87: =L87-J87 -> 0 | N87: =L87 -> 1 | O87: =VLOOKUP(A87,'Rate Analysis'!A:R,16,0) -> 100000 | P87: =+O87*N87 -> 100000 | Q87: =O87*$Q$8 -> 47500 | R87: =+Q87*N87 -> 47500 | S87: =O87+Q87 -> 147500 | T87: =+S87*N87 -> 147500
A88: 6d | B88: d | C88: Provisional Sums | D88: MEP | I88: Elevators | J88: 1 | K88: L/s | L88: 1 | M88: =L88-J88 -> 0 | N88: =L88 -> 1 | O88: =VLOOKUP(A88,'Rate Analysis'!A:R,16,0) -> 100000 | P88: =+O88*N88 -> 100000 | Q88: =O88*$Q$8 -> 47500 | R88: =+Q88*N88 -> 47500 | S88: =O88+Q88 -> 147500 | T88: =+S88*N88 -> 147500
A89: 6e | B89: e | C89: Provisional Sums | D89: MEP | I89: IT Systems | J89: 1 | K89: L/s | L89: 1 | M89: =L89-J89 -> 0 | N89: =L89 -> 1 | O89: =VLOOKUP(A89,'Rate Analysis'!A:R,16,0) -> 100000 | P89: =+O89*N89 -> 100000 | Q89: =O89*$Q$8 -> 47500 | R89: =+Q89*N89 -> 47500 | S89: =O89+Q89 -> 147500 | T89: =+S89*N89 -> 147500
A90: 6f | B90: f | C90: Provisional Sums | D90: MEP | I90: CCTV Systems | J90: 1 | K90: L/s | L90: 1 | M90: =L90-J90 -> 0 | N90: =L90 -> 1 | O90: =VLOOKUP(A90,'Rate Analysis'!A:R,16,0) -> 100000 | P90: =+O90*N90 -> 100000 | Q90: =O90*$Q$8 -> 47500 | R90: =+Q90*N90 -> 47500 | S90: =O90+Q90 -> 147500 | T90: =+S90*N90 -> 147500
A91: 6g | B91: g | C91: Provisional Sums | D91: ID | I91: Signage Works | J91: 1 | K91: L/s | L91: 1 | M91: =L91-J91 -> 0 | N91: =L91 -> 1 | O91: =VLOOKUP(A91,'Rate Analysis'!A:R,16,0) -> 100000 | P91: =+O91*N91 -> 100000 | Q91: =O91*$Q$8 -> 47500 | R91: =+Q91*N91 -> 47500 | S91: =O91+Q91 -> 147500 | T91: =+S91*N91 -> 147500
I94: Grand Total | P94: =SUM(P11:P93) -> 68356812 | R94: =SUM(R11:R93) -> 32469486 | T94: =SUM(T11:T93) -> 1.008263e+08

Sheet Project Resource Master
A1: Sl. No. | B1: Resource Code | C1: Project Resource Code | D1: Resource Category | E1: Resource Type | F1: Resource Sub-type | G1: Resource Description | H1: Resource Unit | I1: Resource Specification | J1: Brand | K1: Global Wastage % | L1: Global Rate | M1: Project Wastage % | N1: Project Rate | O1: Total Qty | P1: Total Amount
A2: 1 | B2: CIV-M-CEM-002 | C2: PRJ-CIV-M-CEM-001 | D2: Material | E2: Civil | F2: Cement | G2: Cement OPC 43 Grade | H2: bag | I2: 1 bag = 3kg | K2: 0.1 | L2: 100 | M2: 0.1 | N2: ='Material Supplier Comparison'!L3 -> 50 | O2: =SUMIF('Rate Analysis'!B:B,C2,'Rate Analysis'!Q:Q) -> 98309.75 | P2: =N2*O2 -> 4915487.5
A3: 2 | B3: CIV-M-CEM-003 | C3: PRJ-CIV-M-CEM-002 | D3: Material | E3: Civil | F3: Cement | G3: Cement OPC 53 Grade | H3: bag | I3: 1 bag = 3kg | K3: 0.1 | L3: 100 | M3: 0.05 | N3: ='Material Supplier Comparison'!L4 -> 50 | O3: =SUMIF('Rate Analysis'!B:B,C3,'Rate Analysis'!Q:Q) -> 5250 | P3: =N3*O3 -> 262500
A4: 3 | B4: CIV-M-SND-004 | C4: PRJ-CIV-M-SND-001 | D4: Material | E4: Civil | F4: Sand | G4: M-Sand Grade A | H4: unit | I4: 1 unit = 100 cft | K4: 0.1 | L4: 100 | M4: 0.1 | N4: ='Material Supplier Comparison'!L5 -> 50 | O4: =SUMIF('Rate Analysis'!B:B,C4,'Rate Analysis'!Q:Q) -> 1567.5 | P4: =N4*O4 -> 78375
A5: 4 | B5: CIV-M-SND-005 | C5: PRJ-CIV-M-SND-002 | D5: Material | E5: Civil | F5: Sand | G5: M-Sand Grade B | H5: unit | I5: 1 unit = 100 cft | K5: 0.1 | L5: 100 | M5: 0.05 | N5: ='Material Supplier Comparison'!L6 -> 400 | O5: =SUMIF('Rate Analysis'!B:B,C5,'Rate Analysis'!Q:Q) -> 630 | P5: =N5*O5 -> 252000
A6: 5 | B6: CIV-M-SND-007 | C6: PRJ-CIV-M-SND-003 | D6: Material | E6: Civil | F6: Sand | G6: P-Sand Grade A | H6: unit | I6: 1 unit = 100 cft | K6: 0.1 | L6: 100 | M6: 0.05 | N6: ='Material Supplier Comparison'!L7 -> 50 | O6: =SUMIF('Rate Analysis'!B:B,C6,'Rate Analysis'!Q:Q) -> 19914.3 | P6: =N6*O6 -> 995715
A7: 6 | B7: CIV-M-WTR-001 | C7: PRJ-CIV-M-WTR-001 | D7: Material | E7: Civil | F7: Water | G7: Water - Grade A | H7: ltr | K7: 0.1 | L7: 100 | M7: 0.05 | N7: ='Material Supplier Comparison'!L8 -> 50 | O7: =SUMIF('Rate Analysis'!B:B,C7,'Rate Analysis'!Q:Q) -> 214105.5 | P7: =N7*O7 -> 10705275
A8: 7 | B8: CIV-M-WTR-002 | C8: PRJ-CIV-M-WTR-002 | D8: Material | E8: Civil | F8: Water | G8: Water - Grade B | H8: ltr | K8: 0.1 | L8: 100 | M8: 0.1 | N8: ='Material Supplier Comparison'!L9 -> 80 | O8: =SUMIF('Rate Analysis'!B:B,C8,'Rate Analysis'!Q:Q) -> 6600 | P8: =N8*O8 -> 528000
A9: 8 | B9: CIV-M-BRK-004 | C9: PRJ-CIV-M-BRK-001 | D9: Material | E9: Civil | F9: Brick | G9: Hollow Block Grade A | H9: nos | K9: 0.1 | L9: 100 | M9: 0.05 | N9: ='Material Supplier Comparison'!L10 -> 50 | O9: =SUMIF('Rate Analysis'!B:B,C9,'Rate Analysis'!Q:Q) -> 144900 | P9: =N9*O9 -> 7245000
A10: 9 | B10: CIV-M-BRK-007 | C10: PRJ-CIV-M-BRK-002 | D10: Material | E10: Civil | F10: Brick | G10: Solid Block Grade A | H10: nos | K10: 0.1 | L10: 100 | M10: 0.1 | N10: ='Material Supplier Comparison'!L11 -> 50 | O10: =SUMIF('Rate Analysis'!B:B,C10,'Rate Analysis'!Q:Q) -> 303600 | P10: =N10*O10 -> 15180000
A11: 10 | B11: ID-M-BRD-007 | C11: PRJ-ID-M-BRD-001 | D11: Material | E11: ID | F11: Boards | G11: 18mm MDF - Normal | H11: board | I11: 1220 x 2440mm | J11: Panel plus | K11: 0.1 | L11: 100 | M11: 0.05 | N11: ='Material Supplier Comparison'!L12 -> 50 | O11: =SUMIF('Rate Analysis'!B:B,C11,'Rate Analysis'!Q:Q) -> 1259.6354 | P11: =N11*O11 -> 62981.771
A12: 11 | B12: ID-M-BRD-015 | C12: PRJ-ID-M-BRD-003 | D12: Material | E12: ID | F12: Boards | G12: 9mm MDF - MR Grade | H12: board | I12: 1220 x 2440mm | J12: Panel plus | K12: 0.1 | L12: 100 | M12: 0.05 | N12: ='Material Supplier Comparison'!L13 -> 50 | O12: =SUMIF('Rate Analysis'!B:B,C12,'Rate Analysis'!Q:Q) -> 364.58333 | P12: =N12*O12 -> 18229.167
A13: 12 | B13: ID-M-BRD-018 | C13: PRJ-ID-M-BRD-002 | D13: Material | E13: ID | F13: Boards | G13: 18mm MDF - MR Grade | H13: board | I13: 1220 x 2440mm | J13: Panel plus | K13: 0.1 | L13: 100 | M13: 0.1 | N13: ='Material Supplier Comparison'!L14 -> 50 | O13: =SUMIF('Rate Analysis'!B:B,C13,'Rate Analysis'!Q:Q) -> 381.94444 | P13: =N13*O13 -> 19097.222
A14: 13 | B14: ID-M-WD-002 | C14: PRJ-ID-M-WD-003 | D14: Material | E14: ID | F14: Wood | G14: Meranti wood - 2" x 8" - AD | H14: cft | K14: 0.1 | L14: 100 | M14: 0.1 | N14: ='Material Supplier Comparison'!L15 -> 80 | O14: =SUMIF('Rate Analysis'!B:B,C14,'Rate Analysis'!Q:Q) -> 1049.8889 | P14: =N14*O14 -> 83991.111
A15: 14 | B15: ID-M-WD-006 | C15: PRJ-ID-M-WD-001 | D15: Material | E15: ID | F15: Wood | G15: Ash wood - 2" x 8" - AD | H15: cft | K15: 0.1 | L15: 100 | M15: 0.1 | N15: ='Material Supplier Comparison'!L16 -> 50 | O15: =SUMIF('Rate Analysis'!B:B,C15,'Rate Analysis'!Q:Q) -> 152.26215 | P15: =N15*O15 -> 7613.1076
A16: 15 | B16: ID-M-WD-042 | C16: PRJ-ID-M-WD-002 | D16: Material | E16: ID | F16: Wood | G16: Beech wood - 2" x 8" - KD | H16: cft | K16: 0.1 | L16: 100 | M16: 0.1 | N16: ='Material Supplier Comparison'!L17 -> 50 | O16: =SUMIF('Rate Analysis'!B:B,C16,'Rate Analysis'!Q:Q) -> 217.78472 | P16: =N16*O16 -> 10889.236
A17: 16 | B17: ID-M-VNR-001 | C17: PRJ-ID-M-VNR-001 | D17: Material | E17: ID | F17: Veneer | G17: Ash veneer - Q-Cut | H17: sqm | K17: 0.1 | L17: 100 | M17: 0.05 | N17: ='Material Supplier Comparison'!L18 -> 80 | O17: =SUMIF('Rate Analysis'!B:B,C17,'Rate Analysis'!Q:Q) -> 1653.75 | P17: =N17*O17 -> 132300
A18: 17 | B18: ID-M-VNR-002 | C18: PRJ-ID-M-VNR-003 | D18: Material | E18: ID | F18: Veneer | G18: Beech veneer - Q-Cut | H18: sqm | K18: 0.1 | L18: 100 | M18: 0.1 | N18: ='Material Supplier Comparison'!L19 -> 50 | O18: =SUMIF('Rate Analysis'!B:B,C18,'Rate Analysis'!Q:Q) -> 3960 | P18: =N18*O18 -> 198000
A19: 18 | B19: ID-M-VNR-019 | C19: PRJ-ID-M-VNR-002 | D19: Material | E19: ID | F19: Veneer | G19: Balancer Veneer | H19: sqm | K19: 0.1 | L19: 100 | M19: 0.05 | N19: ='Material Supplier Comparison'!L20 -> 50 | O19: =SUMIF('Rate Analysis'!B:B,C19,'Rate Analysis'!Q:Q) -> 5265.75 | P19: =N19*O19 -> 263287.5
A20: 19 | B20: ID-M-DR-001 | C20: PRJ-ID-M-DR-002 | D20: Material | E20: ID | F20: Door Core | G20: 44mm thick NON FR Hollow Door Core | H20: board | I20: 1220 x 2440mm | K20: 0.1 | L20: 100 | M20: 0.1 | N20: ='Material Supplier Comparison'!L21 -> 50 | O20: =SUMIF('Rate Analysis'!B:B,C20,'Rate Analysis'!Q:Q) -> 44 | P20: =N20*O20 -> 2200
A21: 20 | B21: ID-M-DR-002 | C21: PRJ-ID-M-DR-001 | D21: Material | E21: ID | F21: Door Core | G21: 44mm thick NON FR Solid Door Core | H21: board | I21: 915 x 2135mm | K21: 0.1 | L21: 100 | M21: 0.05 | N21: ='Material Supplier Comparison'!L22 -> 50 | O21: =SUMIF('Rate Analysis'!B:B,C21,'Rate Analysis'!Q:Q) -> 31.5 | P21: =N21*O21 -> 1575
A22: 21 | B22: ID-M-DR-009 | C22: PRJ-ID-M-DR-003 | D22: Material | E22: ID | F22: Door Core | G22: 54mm thick 60mins FR Door Core | H22: board | I22: 1220 x 2440mm | K22: 0.1 | L22: 100 | M22: 0.1 | N22: ='Material Supplier Comparison'!L23 -> 50 | O22: =SUMIF('Rate Analysis'!B:B,C22,'Rate Analysis'!Q:Q) -> 5.5 | P22: =N22*O22 -> 275
A23: 22 | B23: ID-M-DR-013 | C23: PRJ-ID-M-DR-004 | D23: Material | E23: ID | F23: Door Core | G23: 64mm thick 120mins FR Door Core | H23: board | I23: 1220 x 2440mm | K23: 0.1 | L23: 100 | M23: 0.1 | N23: ='Material Supplier Comparison'!L24 -> 50 | O23: =SUMIF('Rate Analysis'!B:B,C23,'Rate Analysis'!Q:Q) -> 11 | P23: =N23*O23 -> 550
A24: 23 | B24: CIV-L-001 | C24: PRJ-CIV-L-001 | D24: Labour | E24: Civil | G24: Stone Mason | H24: hr | K24: 0.1 | L24: 100 | M24: 0.05 | N24: ='Labour Comparison'!L3 -> 80 | O24: =SUMIF('Rate Analysis'!B:B,C24,'Rate Analysis'!Q:Q) -> 10.5 | P24: =N24*O24 -> 840
A25: 24 | B25: CIV-L-002 | C25: PRJ-CIV-L-002 | D25: Labour | E25: Civil | G25: Brick Mason | H25: hr | K25: 0.1 | L25: 100 | M25: 0.1 | N25: ='Labour Comparison'!L4 -> 50 | O25: =SUMIF('Rate Analysis'!B:B,C25,'Rate Analysis'!Q:Q) -> 22 | P25: =N25*O25 -> 1100
A26: 25 | B26: CIV-L-003 | C26: PRJ-CIV-L-003 | D26: Labour | E26: Civil | G26: Plastering Mason | H26: hr | K26: 0.1 | L26: 100 | M26: 0.05 | N26: ='Labour Comparison'!L5 -> 50 | O26: =SUMIF('Rate Analysis'!B:B,C26,'Rate Analysis'!Q:Q) -> 144018 | P26: =N26*O26 -> 7200900
A27: 26 | B27: CIV-L-004 | C27: PRJ-CIV-L-004 | D27: Labour | E27: Civil | G27: Concrete Mason | H27: hr | K27: 0.1 | L27: 100 | M27: 0.1 | N27: ='Labour Comparison'!L6 -> 100 | O27: =SUMIF('Rate Analysis'!B:B,C27,'Rate Analysis'!Q:Q) -> 11137.5 | P27: =N27*O27 -> 1113750
A28: 27 | B28: CIV-L-005 | C28: PRJ-CIV-L-005 | D28: Labour | E28: Civil | G28: Helper | H28: hr | K28: 0.1 | L28: 100 | M28: 0.05 | N28: ='Labour Comparison'!L7 -> 50 | O28: =SUMIF('Rate Analysis'!B:B,C28,'Rate Analysis'!Q:Q) -> 154681.8 | P28: =N28*O28 -> 7734090
A29: 28 | B29: MEP-L-001 | C29: PRJ-MEP-L-001 | D29: Labour | E29: MEP | G29: Helper | H29: hr | K29: 0.1 | L29: 100 | M29: 0.1 | N29: ='Labour Comparison'!L8 -> 50 | O29: =SUMIF('Rate Analysis'!B:B,C29,'Rate Analysis'!Q:Q) -> 77 | P29: =N29*O29 -> 3850
A30: 29 | B30: MEP-L-004 | C30: PRJ-MEP-L-002 | D30: Labour | E30: MEP | G30: Mechanic | H30: hr | K30: 0.1 | L30: 100 | M30: 0.05 | N30: ='Labour Comparison'!L9 -> 80 | O30: =SUMIF('Rate Analysis'!B:B,C30,'Rate Analysis'!Q:Q) -> 42 | P30: =N30*O30 -> 3360
A31: 30 | B31: MEP-L-005 | C31: PRJ-MEP-L-003 | D31: Labour | E31: MEP | G31: HVAC Technician | H31: hr | K31: 0.1 | L31: 100 | M31: 0.1 | N31: ='Labour Comparison'!L10 -> 50 | O31: =SUMIF('Rate Analysis'!B:B,C31,'Rate Analysis'!Q:Q) -> 11 | P31: =N31*O31 -> 550
A32: 31 | B32: MEP-L-006 | C32: PRJ-MEP-L-004 | D32: Labour | E32: MEP | G32: IT Technician | H32: hr | K32: 0.1 | L32: 100 | M32: 0.05 | N32: ='Labour Comparison'!L11 -> 50 | O32: =SUMIF('Rate Analysis'!B:B,C32,'Rate Analysis'!Q:Q) -> 21 | P32: =N32*O32 -> 1050
A33: 32 | B33: ID-L-003 | C33: PRJ-ID-L-002 | D33: Labour | E33: ID | G33: Helper | H33: hr | K33: 0.1 | L33: 100 | M33: 0.2 | N33: ='Labour Comparison'!L12 -> 100 | O33: =SUMIF('Rate Analysis'!B:B,C33,'Rate Analysis'!Q:Q) -> 32534.4 | P33: =N33*O33 -> 3253440
A34: 33 | B34: ID-L-004 | C34: PRJ-ID-L-001 | D34: Labour | E34: ID | G34: Carpenter | H34: hr | K34: 0.1 | L34: 100 | M34: 0.2 | N34: ='Labour Comparison'!L13 -> 100 | O34: =SUMIF('Rate Analysis'!B:B,C34,'Rate Analysis'!Q:Q) -> 32474.4 | P34: =N34*O34 -> 3247440
A35: 34 | B35: MIS-001 | C35: PRJ-MIS-PRLM-001 | D35: Miscellaneous | E35: Prelims | G35: Site Co-ordination | H35: L/s | K35: 0 | L35: 100000 | M35: 0 | N35: 100000 | O35: =SUMIF('Rate Analysis'!B:B,C35,'Rate Analysis'!Q:Q) -> 1 | P35: =N35*O35 -> 100000
A36: 35 | B36: MIS-002 | C36: PRJ-MIS-PRLM-002 | D36: Miscellaneous | E36: Prelims | G36: Shop Drawings | H36: L/s | K36: 0 | L36: 100000 | M36: 0 | N36: 100000 | O36: =SUMIF('Rate Analysis'!B:B,C36,'Rate Analysis'!Q:Q) -> 1 | P36: =N36*O36 -> 100000
A37: 36 | B37: MIS-003 | C37: PRJ-MIS-PRLM-003 | D37: Miscellaneous | E37: Prelims | G37: As-Built Drawings | H37: L/s | K37: 0 | L37: 100000 | M37: 0 | N37: 100000 | O37: =SUMIF('Rate Analysis'!B:B,C37,'Rate Analysis'!Q:Q) -> 1 | P37: =N37*O37 -> 100000
A38: 37 | B38: MIS-004 | C38: PRJ-MIS-PRLM-004 | D38: Miscellaneous | E38: Prelims | G38: Material Submittals | H38: L/s | K38: 0 | L38: 100000 | M38: 0 | N38: 100000 | O38: =SUMIF('Rate Analysis'!B:B,C38,'Rate Analysis'!Q:Q) -> 1 | P38: =N38*O38 -> 100000
A39: 38 | B39: MIS-005 | C39: PRJ-MIS-PRLM-005 | D39: Miscellaneous | E39: Prelims | G39: Sample Preparation | H39: L/s | K39: 0 | L39: 100000 | M39: 0 | N39: 100000 | O39: =SUMIF('Rate Analysis'!B:B,C39,'Rate Analysis'!Q:Q) -> 1 | P39: =N39*O39 -> 100000
A40: 39 | B40: MIS-006 | C40: PRJ-MIS-PRLM-006 | D40: Miscellaneous | E40: Prelims | G40: Mock-ups | H40: L/s | K40: 0 | L40: 100000 | M40: 0 | N40: 100000 | O40: =SUMIF('Rate Analysis'!B:B,C40,'Rate Analysis'!Q:Q) -> 1 | P40: =N40*O40 -> 100000
A41: 40 | B41: MIS-007 | C41: PRJ-MIS-PRLM-007 | D41: Miscellaneous | E41: Prelims | G41: Bonds | H41: L/s | K41: 0 | L41: 100000 | M41: 0 | N41: 100000 | O41: =SUMIF('Rate Analysis'!B:B,C41,'Rate Analysis'!Q:Q) -> 1 | P41: =N41*O41 -> 100000
A42: 41 | B42: MIS-008 | C42: PRJ-MIS-PRLM-008 | D42: Miscellaneous | E42: Prelims | G42: Site-Office Setup | H42: L/s | K42: 0 | L42: 100000 | M42: 0 | N42: 100000 | O42: =SUMIF('Rate Analysis'!B:B,C42,'Rate Analysis'!Q:Q) -> 1 | P42: =N42*O42 -> 100000
A43: 42 | B43: MIS-009 | C43: PRJ-MIS-PRLM-009 | D43: Miscellaneous | E43: Prelims | G43: Insurances | H43: L/s | K43: 0 | L43: 100000 | M43: 0 | N43: 100000 | O43: =SUMIF('Rate Analysis'!B:B,C43,'Rate Analysis'!Q:Q) -> 1 | P43: =N43*O43 -> 100000
A44: 43 | B44: MIS-010 | C44: PRJ-MIS-PS-001 | D44: Miscellaneous | E44: Provisional Sum | G44: Loose Furniture | H44: L/s | K44: 0 | L44: 100000 | M44: 0 | N44: 100000 | O44: =SUMIF('Rate Analysis'!B:B,C44,'Rate Analysis'!Q:Q) -> 1 | P44: =N44*O44 -> 100000
A45: 44 | B45: MIS-011 | C45: PRJ-MIS-PS-002 | D45: Miscellaneous | E45: Provisional Sum | G45: MEP Works | H45: L/s | K45: 0 | L45: 100000 | M45: 0 | N45: 100000 | O45: =SUMIF('Rate Analysis'!B:B,C45,'Rate Analysis'!Q:Q) -> 1 | P45: =N45*O45 -> 100000
A46: 45 | B46: MIS-012 | C46: PRJ-MIS-PS-003 | D46: Miscellaneous | E46: Provisional Sum | G46: HVAC Works | H46: L/s | K46: 0 | L46: 100000 | M46: 0 | N46: 100000 | O46: =SUMIF('Rate Analysis'!B:B,C46,'Rate Analysis'!Q:Q) -> 1 | P46: =N46*O46 -> 100000
... A50: 49 | B50: MIS-016 | C50: PRJ-MIS-PS-007 | D50: Miscellaneous | E50: Provisional Sum | G50: Signage Works | H50: L/s | K50: 0 | L50: 100000 | M50: 0 | N50: 100000 | O50: =SUMIF('Rate Analysis'!B:B,C50,'Rate Analysis'!Q:Q) -> 1 | P50: =N50*O50 -> 100000
A51: 50 | C51: PRJ-SUB-001 | D51: Subcontract | E51: Steel | G51: Pre-tensioning works | H51: Cost | K51: 0 | M51: 0 | N51: ='Vendor Comparison'!L3 -> 123500 | O51: =SUMIF('Rate Analysis'!B:B,'Rate Analysis'!B706,'Rate Analysis'!Q:Q) -> 1 | P51: =N51*O51 -> 123500
A52: 51 | C52: PRJ-SUB-002 | D52: Subcontract | E52: Shuttering | G52: Shuttering for Columns | H52: Cost | K52: 0 | M52: 0 | N52: ='Vendor Comparison'!L10 -> 150 | O52: =SUMIF('Rate Analysis'!B:B,C52,'Rate Analysis'!Q:Q) -> 6850 | P52: =N52*O52 -> 1027500
A53: 52 | C53: PRJ-SUB-003 | D53: Subcontract | E53: Shuttering | G53: Shuttering for Beams | H53: Cost | K53: 0 | M53: 0 | N53: ='Vendor Comparison'!L11 -> 180 | O53: =SUMIF('Rate Analysis'!B:B,C53,'Rate Analysis'!Q:Q) -> 1400 | P53: =N53*O53 -> 252000
A54: 53 | C54: PRJ-SUB-004 | D54: Subcontract | E54: Shuttering | G54: Shuttering for Slabs | H54: Cost | K54: 0 | M54: 0 | N54: ='Vendor Comparison'!L12 -> 190 | O54: =SUMIF('Rate Analysis'!B:B,C54,'Rate Analysis'!Q:Q) -> 2000 | P54: =N54*O54 -> 380000
A55: 54 | C55: PRJ-SUB-005 | D55: Subcontract | E55: Scaffolding | G55: Scaffolding for Columns | H55: Cost | K55: 0 | M55: 0 | N55: ='Vendor Comparison'!L19 -> 80 | O55: =SUMIF('Rate Analysis'!B:B,C55,'Rate Analysis'!Q:Q) -> 6850 | P55: =N55*O55 -> 548000
A56: 55 | C56: PRJ-SUB-006 | D56: Subcontract | E56: Scaffolding | G56: Scaffolding for Beams | H56: Cost | K56: 0 | M56: 0 | N56: ='Vendor Comparison'!L20 -> 50 | O56: =SUMIF('Rate Analysis'!B:B,C56,'Rate Analysis'!Q:Q) -> 1400 | P56: =N56*O56 -> 70000
A57: 56 | C57: PRJ-SUB-007 | D57: Subcontract | E57: Scaffolding | G57: Scaffolding for Slabs | H57: Cost | K57: 0 | M57: 0 | N57: ='Vendor Comparison'!L21 -> 80 | O57: =SUMIF('Rate Analysis'!B:B,C57,'Rate Analysis'!Q:Q) -> 2000 | P57: =N57*O57 -> 160000
A58: 57 | C58: PRJ-SUB-008 | D58: Subcontract | E58: Gypsum | G58: 100mm Gypsum Partitions | H58: Cost | K58: 0 | M58: 0 | N58: ='Vendor Comparison'!L28 -> 125 | O58: =SUMIF('Rate Analysis'!B:B,C58,'Rate Analysis'!Q:Q) -> 680 | P58: =N58*O58 -> 85000
A59: 58 | C59: PRJ-SUB-009 | D59: Subcontract | E59: Gypsum | G59: 150mm Gypsum Partitions | H59: Cost | K59: 0 | M59: 0 | N59: ='Vendor Comparison'!L29 -> 100 | O59: =SUMIF('Rate Analysis'!B:B,C59,'Rate Analysis'!Q:Q) -> 680 | P59: =N59*O59 -> 68000
A60: 59 | C60: PRJ-SUB-010 | D60: Subcontract | E60: Gypsum | G60: 200mm Gypsum Partitions | H60: Cost | K60: 0 | M60: 0 | N60: ='Vendor Comparison'!L30 -> 50 | O60: =SUMIF('Rate Analysis'!B:B,C60,'Rate Analysis'!Q:Q) -> 680 | P60: =N60*O60 -> 34000
A61: 60 | C61: PRJ-SUB-011 | D61: Subcontract | E61: Flooring | G61: 600x600mm Porcelain Tile Flooring | H61: Cost | K61: 0 | M61: 0 | N61: ='Vendor Comparison'!L37 -> 125 | O61: =SUMIF('Rate Analysis'!B:B,C61,'Rate Analysis'!Q:Q) -> 1500 | P61: =N61*O61 -> 187500
A62: 61 | C62: PRJ-SUB-012 | D62: Subcontract | E62: Painting | G62: Interior Emulsion Paint Finish | H62: Cost | K62: 0 | M62: 0 | N62: ='Vendor Comparison'!L44 -> 45 | O62: =SUMIF('Rate Analysis'!B:B,C62,'Rate Analysis'!Q:Q) -> 3720 | P62: =N62*O62 -> 167400
A63: 62 | C63: PRJ-SUB-013 | D63: Subcontract | E63: Painting | G63: Exerior Emulsion Paint Finish | H63: Cost | K63: 0 | M63: 0 | N63: ='Vendor Comparison'!L45 -> 45 | O63: =SUMIF('Rate Analysis'!B:B,C63,'Rate Analysis'!Q:Q) -> 1560 | P63: =N63*O63 -> 70200
A64: 63 | C64: PRJ-SUB-014 | D64: Subcontract | E64: Painting | G64: Decorative Texture Plaster Finish | H64: Cost | K64: 0 | M64: 0 | N64: ='Vendor Comparison'!L46 -> 25 | O64: =SUMIF('Rate Analysis'!B:B,C64,'Rate Analysis'!Q:Q) -> 900 | P64: =N64*O64 -> 22500
A65: 64 | C65: PRJ-SUB-015 | D65: Subcontract | E65: Gypsum | G65: Gypsum False Ceiling | H65: Cost | K65: 0 | M65: 0 | N65: ='Vendor Comparison'!L53 -> 125 | O65: =SUMIF('Rate Analysis'!B:B,C65,'Rate Analysis'!Q:Q) -> 300 | P65: =N65*O65 -> 37500

Sheet Project Resource Summary
A1: Resource Category | B1: Resource Type | C1: Resource Sub-type | D1: Sum of Total Amount | E1: Subtype % | F1: Type % | G1: Category %
A2: Labour | B2: Civil | C2: (blank) | D2: 16275380 | E2: =GETPIVOTDATA("Total Amount",$A$1,"Resource Category","Labour","Resource Type","Civil","Resource Sub-type",)/GETPIVOTDATA("Total Amount",$A$1) -> 0.22055772 | F2: =GETPIVOTDATA("Total Amount",$A$1,"Resource Category","Labour","Resource Type","Civil","Resource Sub-type",)/GETPIVOTDATA("Total Amount",$A$1) -> 0.22055772 | G2: =SUM(D2:D4)/GETPIVOTDATA("Total Amount",$A$1) -> 0.36874858
B3: ID | C3: (blank) | D3: 10926480 | E3: =GETPIVOTDATA("Total Amount",$A$1,"Resource Category","Labour","Resource Type","ID","Resource Sub-type",)/GETPIVOTDATA("Total Amount",$A$1) -> 0.14807147 | F3: =GETPIVOTDATA("Total Amount",$A$1,"Resource Category","Labour","Resource Type","ID","Resource Sub-type",)/GETPIVOTDATA("Total Amount",$A$1) -> 0.14807147
B4: MEP | C4: (blank) | D4: 8810 | E4: =GETPIVOTDATA("Total Amount",$A$1,"Resource Category","Labour","Resource Type","MEP","Resource Sub-type",)/GETPIVOTDATA("Total Amount",$A$1) -> 0.00011938975 | F4: =GETPIVOTDATA("Total Amount",$A$1,"Resource Category","Labour","Resource Type","MEP","Resource Sub-type",)/GETPIVOTDATA("Total Amount",$A$1) -> 0.00011938975
A5: Material | B5: Civil | C5: Brick | D5: 22425000 | E5: =GETPIVOTDATA("Total Amount",$A$1,"Resource Category","Material","Resource Type","Civil","Resource Sub-type","Brick")/GETPIVOTDATA("Total Amount",$A$1) -> 0.30389501 | F5: =SUM(D5:D8)/GETPIVOTDATA("Total Amount",$A$1) -> 0.54653773 | G5: =SUM(D5:D12)/GETPIVOTDATA("Total Amount",$A$1) -> 0.5657551
C6: Cement | D6: 5222125 | E6: =GETPIVOTDATA("Total Amount",$A$1,"Resource Category","Material","Resource Type","Civil","Resource Sub-type","Cement")/GETPIVOTDATA("Total Amount",$A$1) -> 0.070768238
C7: Sand | D7: 1337325 | E7: =GETPIVOTDATA("Total Amount",$A$1,"Resource Category","Material","Resource Type","Civil","Resource Sub-type","Sand")/GETPIVOTDATA("Total Amount",$A$1) -> 0.018122916
C8: Water | D8: 11345625 | E8: =GETPIVOTDATA("Total Amount",$A$1,"Resource Category","Material","Resource Type","Civil","Resource Sub-type","Water")/GETPIVOTDATA("Total Amount",$A$1) -> 0.15375156
B9: ID | C9: Boards | D9: 114982.64 | E9: =GETPIVOTDATA("Total Amount",$A$1,"Resource Category","Material","Resource Type","ID","Resource Sub-type","Boards")/GETPIVOTDATA("Total Amount",$A$1) -> 0.0015582007 | F9: =SUM(D9:D12)/GETPIVOTDATA("Total Amount",$A$1) -> 0.019217374
C10: Door Core | D10: 37750 | E10: =GETPIVOTDATA("Total Amount",$A$1,"Resource Category","Material","Resource Type","ID","Resource Sub-type","Door Core")/GETPIVOTDATA("Total Amount",$A$1) -> 0.00051157354
C11: Veneer | D11: 997930 | E11: =GETPIVOTDATA("Total Amount",$A$1,"Resource Category","Material","Resource Type","ID","Resource Sub-type","Veneer")/GETPIVOTDATA("Total Amount",$A$1) -> 0.013523565
C12: Wood | D12: 267424.51 | E12: =GETPIVOTDATA("Total Amount",$A$1,"Resource Category","Material","Resource Type","ID","Resource Sub-type","Wood")/GETPIVOTDATA("Total Amount",$A$1) -> 0.0036240346
A13: Miscellaneous | B13: Prelims | C13: (blank) | D13: 900000 | E13: =GETPIVOTDATA("Total Amount",$A$1,"Resource Category","Miscellaneous","Resource Type","Prelims","Resource Sub-type",)/GETPIVOTDATA("Total Amount",$A$1) -> 0.012196455 | F13: =GETPIVOTDATA("Total Amount",$A$1,"Resource Category","Miscellaneous","Resource Type","Prelims","Resource Sub-type",)/GETPIVOTDATA("Total Amount",$A$1) -> 0.012196455 | G13: =SUM(D13:D14)/GETPIVOTDATA("Total Amount",$A$1) -> 0.021682587
B14: Provisional Sum | C14: (blank) | D14: 700000 | E14: =GETPIVOTDATA("Total Amount",$A$1,"Resource Category","Miscellaneous","Resource Type","Provisional Sum","Resource Sub-type",)/GETPIVOTDATA("Total Amount",$A$1) -> 0.0094861319 | F14: =GETPIVOTDATA("Total Amount",$A$1,"Resource Category","Miscellaneous","Resource Type","Provisional Sum","Resource Sub-type",)/GETPIVOTDATA("Total Amount",$A$1) -> 0.0094861319
A15: Subcontract | B15: Flooring | C15: (blank) | D15: 187500 | E15: =GETPIVOTDATA("Total Amount",$A$1,"Resource Category","Subcontract","Resource Type","Flooring","Resource Sub-type",)/GETPIVOTDATA("Total Amount",$A$1) -> 0.0025409282 | F15: =GETPIVOTDATA("Total Amount",$A$1,"Resource Category","Subcontract","Resource Type","Flooring","Resource Sub-type",)/GETPIVOTDATA("Total Amount",$A$1) -> 0.0025409282 | G15: =SUM(D15:D20)/GETPIVOTDATA("Total Amount",$A$1) -> 0.043813733
B16: Gypsum | C16: (blank) | D16: 224500 | E16: =GETPIVOTDATA("Total Amount",$A$1,"Resource Category","Subcontract","Resource Type","Gypsum","Resource Sub-type",)/GETPIVOTDATA("Total Amount",$A$1) -> 0.003042338 | F16: =GETPIVOTDATA("Total Amount",$A$1,"Resource Category","Subcontract","Resource Type","Gypsum","Resource Sub-type",)/GETPIVOTDATA("Total Amount",$A$1) -> 0.003042338
B17: Painting | C17: (blank) | D17: 260100 | E17: =GETPIVOTDATA("Total Amount",$A$1,"Resource Category","Subcontract","Resource Type","Painting","Resource Sub-type",)/GETPIVOTDATA("Total Amount",$A$1) -> 0.0035247756 | F17: =GETPIVOTDATA("Total Amount",$A$1,"Resource Category","Subcontract","Resource Type","Painting","Resource Sub-type",)/GETPIVOTDATA("Total Amount",$A$1) -> 0.0035247756
B18: Scaffolding | C18: (blank) | D18: 778000 | E18: =GETPIVOTDATA("Total Amount",$A$1,"Resource Category","Subcontract","Resource Type","Scaffolding","Resource Sub-type",)/GETPIVOTDATA("Total Amount",$A$1) -> 0.010543158 | F18: =GETPIVOTDATA("Total Amount",$A$1,"Resource Category","Subcontract","Resource Type","Scaffolding","Resource Sub-type",)/GETPIVOTDATA("Total Amount",$A$1) -> 0.010543158
B19: Shuttering | C19: (blank) | D19: 1659500 | E19: =GETPIVOTDATA("Total Amount",$A$1,"Resource Category","Subcontract","Resource Type","Shuttering","Resource Sub-type",)/GETPIVOTDATA("Total Amount",$A$1) -> 0.022488908 | F19: =GETPIVOTDATA("Total Amount",$A$1,"Resource Category","Subcontract","Resource Type","Shuttering","Resource Sub-type",)/GETPIVOTDATA("Total Amount",$A$1) -> 0.022488908
B20: Steel | C20: (blank) | D20: 123500 | E20: =GETPIVOTDATA("Total Amount",$A$1,"Resource Category","Subcontract","Resource Type","Steel","Resource Sub-type",)/GETPIVOTDATA("Total Amount",$A$1) -> 0.0016736247 | F20: =GETPIVOTDATA("Total Amount",$A$1,"Resource Category","Subcontract","Resource Type","Steel","Resource Sub-type",)/GETPIVOTDATA("Total Amount",$A$1) -> 0.0016736247
A21: Grand Total | D21: 73791932 | E21: =SUM(E2:E20) -> 1 | F21: =SUM(F2:F20) -> 1 | G21: =SUM(G2:G20) -> 1

Sheet Rate Analysis
A1: BOQ Code | B1: 1a | C1: A | D1: B | E1: C | F1: D | G1: E | H1: F | I1: G | J1: H | K1: I | L1: J | M1: K | N1: L | O1: M | P1: N | Q1: O | R1: P
A2: BOQ Description | B2: =VLOOKUP(B1,'Working BOQ'!A:K,9,0) -> Site Co-ordination
A3: BOQ Qty | B3: =VLOOKUP(B1,'Working BOQ'!A:N,14,0) -> 1
A4: Unit | B4: =VLOOKUP(B1,'Working BOQ'!A:K,11,0) -> L/s
A5: Sl. No. | B5: Resource Code | C5: Resource Description | D5: Nos | E5: Nos | F5: Qty 1 | G5: Qty 2 | H5: Qty 3 | I5: Qty 4 | J5: Quantity | K5: Unit | L5: Wastage % | M5: Wastage Qty | N5: Item Qty | O5: Resource Rate | P5: Amount | Q5: Total Qty | R5: Total Amount
A7: 1 | B7: PRJ-MIS-PRLM-001 | C7: =VLOOKUP(B7,'Project Resource Master'!C:N,5,0) -> Site Co-ordination | D7: 1 | E7: 1 | F7: 1 | G7: 1 | H7: 1 | I7: 1 | J7: =PRODUCT(D7:I7) -> 1 | K7: =VLOOKUP(B7,'Project Resource Master'!C:N,6,0) -> L/s | L7: =VLOOKUP(B7,'Project Resource Master'!C:N,11,0) -> 0 | M7: =J7*L7 -> 0 | N7: =+J7+M7 -> 1 | O7: =VLOOKUP(B7,'Project Resource Master'!C:N,12,0) -> 100000 | P7: =+O7*N7 -> 100000 | Q7: =+N7*B3 -> 1 | R7: =Q7*O7 -> 100000
A9: =B1 -> 1a | C9: Item Total Cost | P9: =SUM(P6:P8) -> 100000 | R9: =SUM(R6:R8) -> 100000
A12: BOQ Code | B12: 1b
A13: BOQ Description | B13: =VLOOKUP(B12,'Working BOQ'!A:K,9,0) -> Shop Drawings
A14: BOQ Qty | B14: =VLOOKUP(B12,'Working BOQ'!A:N,14,0) -> 1
A15: Unit | B15: =VLOOKUP(B12,'Working BOQ'!A:K,11,0) -> L/s
A16: Sl. No. | B16: Resource Code | C16: Resource Description | D16: Nos | E16: Nos | F16: Qty 1 | G16: Qty 2 | H16: Qty 3 | I16: Qty 4 | J16: Quantity | K16: Unit | L16: Wastage % | M16: Wastage Qty | N16: Item Qty | O16: Resource Rate | P16: Amount | Q16: Total Qty | R16: Total Amount
A18: 1 | B18: PRJ-MIS-PRLM-002 | C18: =VLOOKUP(B18,'Project Resource Master'!C:N,5,0) -> Shop Drawings | D18: 1 | E18: 1 | F18: 1 | G18: 1 | H18: 1 | I18: 1 | J18: =PRODUCT(D18:I18) -> 1 | K18: =VLOOKUP(B18,'Project Resource Master'!C:N,6,0) -> L/s | L18: =VLOOKUP(B18,'Project Resource Master'!C:N,11,0) -> 0 | M18: =J18*L18 -> 0 | N18: =+J18+M18 -> 1 | O18: =VLOOKUP(B18,'Project Resource Master'!C:N,12,0) -> 100000 | P18: =+O18*N18 -> 100000 | Q18: =+N18*B14 -> 1 | R18: =Q18*O18 -> 100000
A20: =B12 -> 1b | C20: Item Total Cost | P20: =SUM(P17:P19) -> 100000 | R20: =SUM(R17:R19) -> 100000
A23: BOQ Code | B23: 1c
A24: BOQ Description | B24: =VLOOKUP(B23,'Working BOQ'!A:K,9,0) -> As-Built Drawings
A25: BOQ Qty | B25: =VLOOKUP(B23,'Working BOQ'!A:N,14,0) -> 1
A26: Unit | B26: =VLOOKUP(B23,'Working BOQ'!A:K,11,0) -> L/s
A27: Sl. No. | B27: Resource Code | C27: Resource Description | D27: Nos | E27: Nos | F27: Qty 1 | G27: Qty 2 | H27: Qty 3 | I27: Qty 4 | J27: Quantity | K27: Unit | L27: Wastage % | M27: Wastage Qty | N27: Item Qty | O27: Resource Rate | P27: Amount | Q27: Total Qty | R27: Total Amount
A29: 1 | B29: PRJ-MIS-PRLM-003 | C29: =VLOOKUP(B29,'Project Resource Master'!C:N,5,0) -> As-Built Drawings | D29: 1 | E29: 1 | F29: 1 | G29: 1 | H29: 1 | I29: 1 | J29: =PRODUCT(D29:I29) -> 1 | K29: =VLOOKUP(B29,'Project Resource Master'!C:N,6,0) -> L/s | L29: =VLOOKUP(B29,'Project Resource Master'!C:N,11,0) -> 0 | M29: =J29*L29 -> 0 | N29: =+J29+M29 -> 1 | O29: =VLOOKUP(B29,'Project Resource Master'!C:N,12,0) -> 100000 | P29: =+O29*N29 -> 100000 | Q29: =+N29*B25 -> 1 | R29: =Q29*O29 -> 100000
A31: =B23 -> 1c | C31: Item Total Cost | P31: =SUM(P28:P30) -> 100000 | R31: =SUM(R28:R30) -> 100000
A34: BOQ Code | B34: 1d
A35: BOQ Description | B35: =VLOOKUP(B34,'Working BOQ'!A:K,9,0) -> Material Submittals
A36: BOQ Qty | B36: =VLOOKUP(B34,'Working BOQ'!A:N,14,0) -> 1
A37: Unit | B37: =VLOOKUP(B34,'Working BOQ'!A:K,11,0) -> L/s
A38: Sl. No. | B38: Resource Code | C38: Resource Description | D38: Nos | E38: Nos | F38: Qty 1 | G38: Qty 2 | H38: Qty 3 | I38: Qty 4 | J38: Quantity | K38: Unit | L38: Wastage % | M38: Wastage Qty | N38: Item Qty | O38: Resource Rate | P38: Amount | Q38: Total Qty | R38: Total Amount
A40: 1 | B40: PRJ-MIS-PRLM-004 | C40: =VLOOKUP(B40,'Project Resource Master'!C:N,5,0) -> Material Submittals | D40: 1 | E40: 1 | F40: 1 | G40: 1 | H40: 1 | I40: 1 | J40: =PRODUCT(D40:I40) -> 1 | K40: =VLOOKUP(B40,'Project Resource Master'!C:N,6,0) -> L/s | L40: =VLOOKUP(B40,'Project Resource Master'!C:N,11,0) -> 0 | M40: =J40*L40 -> 0 | N40: =+J40+M40 -> 1 | O40: =VLOOKUP(B40,'Project Resource Master'!C:N,12,0) -> 100000 | P40: =+O40*N40 -> 100000 | Q40: =+N40*B36 -> 1 | R40: =Q40*O40 -> 100000
A42: =B34 -> 1d | C42: Item Total Cost | P42: =SUM(P39:P41) -> 100000 | R42: =SUM(R39:R41) -> 100000
A45: BOQ Code | B45: 1e
A46: BOQ Description | B46: =VLOOKUP(B45,'Working BOQ'!A:K,9,0) -> Sample Preparation
A47: BOQ Qty | B47: =VLOOKUP(B45,'Working BOQ'!A:N,14,0) -> 1
A48: Unit | B48: =VLOOKUP(B45,'Working BOQ'!A:K,11,0) -> L/s
A49: Sl. No. | B49: Resource Code | C49: Resource Description | D49: Nos | E49: Nos | F49: Qty 1 | G49: Qty 2 | H49: Qty 3 | I49: Qty 4 | J49: Quantity | K49: Unit | L49: Wastage % | M49: Wastage Qty | N49: Item Qty | O49: Resource Rate | P49: Amount | Q49: Total Qty | R49: Total Amount
A51: 1 | B51: PRJ-MIS-PRLM-005 | C51: =VLOOKUP(B51,'Project Resource Master'!C:N,5,0) -> Sample Preparation | D51: 1 | E51: 1 | F51: 1 | G51: 1 | H51: 1 | I51: 1 | J51: =PRODUCT(D51:I51) -> 1 | K51: =VLOOKUP(B51,'Project Resource Master'!C:N,6,0) -> L/s | L51: =VLOOKUP(B51,'Project Resource Master'!C:N,11,0) -> 0 | M51: =J51*L51 -> 0 | N51: =+J51+M51 -> 1 | O51: =VLOOKUP(B51,'Project Resource Master'!C:N,12,0) -> 100000 | P51: =+O51*N51 -> 100000 | Q51: =+N51*B47 -> 1 | R51: =Q51*O51 -> 100000
A53: =B45 -> 1e | C53: Item Total Cost | P53: =SUM(P50:P52) -> 100000 | R53: =SUM(R50:R52) -> 100000
A56: BOQ Code | B56: 1f
A57: BOQ Description | B57: =VLOOKUP(B56,'Working BOQ'!A:K,9,0) -> Mock-ups
A58: BOQ Qty | B58: =VLOOKUP(B56,'Working BOQ'!A:N,14,0) -> 1
A59: Unit | B59: =VLOOKUP(B56,'Working BOQ'!A:K,11,0) -> L/s
A60: Sl. No. | B60: Resource Code | C60: Resource Description | D60: Nos | E60: Nos | F60: Qty 1 | G60: Qty 2 | H60: Qty 3 | I60: Qty 4 | J60: Quantity | K60: Unit | L60: Wastage % | M60: Wastage Qty | N60: Item Qty | O60: Resource Rate | P60: Amount | Q60: Total Qty | R60: Total Amount
A62: 1 | B62: PRJ-MIS-PRLM-006 | C62: =VLOOKUP(B62,'Project Resource Master'!C:N,5,0) -> Mock-ups | D62: 1 | E62: 1 | F62: 1 | G62: 1 | H62: 1 | I62: 1 | J62: =PRODUCT(D62:I62) -> 1 | K62: =VLOOKUP(B62,'Project Resource Master'!C:N,6,0) -> L/s | L62: =VLOOKUP(B62,'Project Resource Master'!C:N,11,0) -> 0 | M62: =J62*L62 -> 0 | N62: =+J62+M62 -> 1 | O62: =VLOOKUP(B62,'Project Resource Master'!C:N,12,0) -> 100000 | P62: =+O62*N62 -> 100000 | Q62: =+N62*B58 -> 1 | R62: =Q62*O62 -> 100000
A64: =B56 -> 1f | C64: Item Total Cost | P64: =SUM(P61:P63) -> 100000 | R64: =SUM(R61:R63) -> 100000
A67: BOQ Code | B67: 1g
A68: BOQ Description | B68: =VLOOKUP(B67,'Working BOQ'!A:K,9,0) -> Bonds
A69: BOQ Qty | B69: =VLOOKUP(B67,'Working BOQ'!A:N,14,0) -> 1
A70: Unit | B70: =VLOOKUP(B67,'Working BOQ'!A:K,11,0) -> L/s
A71: Sl. No. | B71: Resource Code | C71: Resource Description | D71: Nos | E71: Nos | F71: Qty 1 | G71: Qty 2 | H71: Qty 3 | I71: Qty 4 | J71: Quantity | K71: Unit | L71: Wastage % | M71: Wastage Qty | N71: Item Qty | O71: Resource Rate | P71: Amount | Q71: Total Qty | R71: Total Amount
A73: 1 | B73: PRJ-MIS-PRLM-007 | C73: =VLOOKUP(B73,'Project Resource Master'!C:N,5,0) -> Bonds | D73: 1 | E73: 1 | F73: 1 | G73: 1 | H73: 1 | I73: 1 | J73: =PRODUCT(D73:I73) -> 1 | K73: =VLOOKUP(B73,'Project Resource Master'!C:N,6,0) -> L/s | L73: =VLOOKUP(B73,'Project Resource Master'!C:N,11,0) -> 0 | M73: =J73*L73 -> 0 | N73: =+J73+M73 -> 1 | O73: =VLOOKUP(B73,'Project Resource Master'!C:N,12,0) -> 100000 | P73: =+O73*N73 -> 100000 | Q73: =+N73*B69 -> 1 | R73: =Q73*O73 -> 100000
A75: =B67 -> 1g | C75: Item Total Cost | P75: =SUM(P72:P74) -> 100000 | R75: =SUM(R72:R74) -> 100000
A78: BOQ Code | B78: 1h
A79: BOQ Description | B79: =VLOOKUP(B78,'Working BOQ'!A:K,9,0) -> Site-Office Setup
A80: BOQ Qty | B80: =VLOOKUP(B78,'Working BOQ'!A:N,14,0) -> 1
A81: Unit | B81: =VLOOKUP(B78,'Working BOQ'!A:K,11,0) -> L/s
A82: Sl. No. | B82: Resource Code | C82: Resource Description | D82: Nos | E82: Nos | F82: Qty 1 | G82: Qty 2 | H82: Qty 3 | I82: Qty 4 | J82: Quantity | K82: Unit | L82: Wastage % | M82: Wastage Qty | N82: Item Qty | O82: Resource Rate | P82: Amount | Q82: Total Qty | R82: Total Amount
A84: 1 | B84: PRJ-MIS-PRLM-008 | C84: =VLOOKUP(B84,'Project Resource Master'!C:N,5,0) -> Site-Office Setup | D84: 1 | E84: 1 | F84: 1 | G84: 1 | H84: 1 | I84: 1 | J84: =PRODUCT(D84:I84) -> 1 | K84: =VLOOKUP(B84,'Project Resource Master'!C:N,6,0) -> L/s | L84: =VLOOKUP(B84,'Project Resource Master'!C:N,11,0) -> 0 | M84: =J84*L84 -> 0 | N84: =+J84+M84 -> 1 | O84: =VLOOKUP(B84,'Project Resource Master'!C:N,12,0) -> 100000 | P84: =+O84*N84 -> 100000 | Q84: =+N84*B80 -> 1 | R84: =Q84*O84 -> 100000
A86: =B78 -> 1h | C86: Item Total Cost | P86: =SUM(P83:P85) -> 100000 | R86: =SUM(R83:R85) -> 100000
A89: BOQ Code | B89: 1I
A90: BOQ Description | B90: =VLOOKUP(B89,'Working BOQ'!A:K,9,0) -> Insurances
A91: BOQ Qty | B91: =VLOOKUP(B89,'Working BOQ'!A:N,14,0) -> 1
A92: Unit | B92: =VLOOKUP(B89,'Working BOQ'!A:K,11,0) -> L/s
A93: Sl. No. | B93: Resource Code | C93: Resource Description | D93: Nos | E93: Nos | F93: Qty 1 | G93: Qty 2 | H93: Qty 3 | I93: Qty 4 | J93: Quantity | K93: Unit | L93: Wastage % | M93: Wastage Qty | N93: Item Qty | O93: Resource Rate | P93: Amount | Q93: Total Qty | R93: Total Amount
A95: 1 | B95: PRJ-MIS-PRLM-009 | C95: =VLOOKUP(B95,'Project Resource Master'!C:N,5,0) -> Insurances | D95: 1 | E95: 1 | F95: 1 | G95: 1 | H95: 1 | I95: 1 | J95: =PRODUCT(D95:I95) -> 1 | K95: =VLOOKUP(B95,'Project Resource Master'!C:N,6,0) -> L/s | L95: =VLOOKUP(B95,'Project Resource Master'!C:N,11,0) -> 0 | M95: =J95*L95 -> 0 | N95: =+J95+M95 -> 1 | O95: =VLOOKUP(B95,'Project Resource Master'!C:N,12,0) -> 100000 | P95: =+O95*N95 -> 100000 | Q95: =+N95*B91 -> 1 | R95: =Q95*O95 -> 100000
A97: =B89 -> 1I | C97: Item Total Cost | P97: =SUM(P94:P96) -> 100000 | R97: =SUM(R94:R96) -> 100000
A100: BOQ Code | B100: 2a
A101: BOQ Description | B101: =VLOOKUP(B100,'Working BOQ'!A:K,9,0) -> Demolition of Blockwork
A102: BOQ Qty | B102: =VLOOKUP(B100,'Working BOQ'!A:N,14,0) -> 1
A103: Unit | B103: =VLOOKUP(B100,'Working BOQ'!A:K,11,0) -> L/s
A104: Sl. No. | B104: Resource Code | C104: Resource Description | D104: Nos | E104: Nos | F104: Qty 1 | G104: Qty 2 | H104: Qty 3 | I104: Qty 4 | J104: Quantity | K104: Unit | L104: Wastage % | M104: Wastage Qty | N104: Item Qty | O104: Resource Rate | P104: Amount | Q104: Total Qty | R104: Total Amount
A106: 1 | B106: PRJ-CIV-L-001 | C106: =VLOOKUP(B106,'Project Resource Master'!C:N,5,0) -> Stone Mason | D106: 10 | E106: 1 | F106: 1 | G106: 1 | H106: 1 | I106: 1 | J106: =PRODUCT(D106:I106) -> 10 | K106: =VLOOKUP(B106,'Project Resource Master'!C:N,6,0) -> hr | L106: =VLOOKUP(B106,'Project Resource Master'!C:N,11,0) -> 0.05 | M106: =J106*L106 -> 0.5 | N106: =+J106+M106 -> 10.5 | O106: =VLOOKUP(B106,'Project Resource Master'!C:N,12,0) -> 80 | P106: =+O106*N106 -> 840 | Q106: =+N106*B102 -> 10.5 | R106: =Q106*O106 -> 840
A107: 2 | B107: PRJ-CIV-L-005 | C107: =VLOOKUP(B107,'Project Resource Master'!C:N,5,0) -> Helper | D107: 10 | E107: 1 | F107: 1 | G107: 1 | H107: 1 | I107: 1 | J107: =PRODUCT(D107:I107) -> 10 | K107: =VLOOKUP(B107,'Project Resource Master'!C:N,6,0) -> hr | L107: =VLOOKUP(B107,'Project Resource Master'!C:N,11,0) -> 0.05 | M107: =J107*L107 -> 0.5 | N107: =+J107+M107 -> 10.5 | O107: =VLOOKUP(B107,'Project Resource Master'!C:N,12,0) -> 50 | P107: =+O107*N107 -> 525 | Q107: =+N107*B102 -> 10.5 | R107: =Q107*O107 -> 525
A109: =B100 -> 2a | C109: Item Total Cost | P109: =SUM(P105:P108) -> 1365 | R109: =SUM(R105:R108) -> 1365
A112: BOQ Code | B112: 2b
A113: BOQ Description | B113: =VLOOKUP(B112,'Working BOQ'!A:K,9,0) -> Demolition of Gypsum Partition
A114: BOQ Qty | B114: =VLOOKUP(B112,'Working BOQ'!A:N,14,0) -> 1
A115: Unit | B115: =VLOOKUP(B112,'Working BOQ'!A:K,11,0) -> L/s
A116: Sl. No. | B116: Resource Code | C116: Resource Description | D116: Nos | E116: Nos | F116: Qty 1 | G116: Qty 2 | H116: Qty 3 | I116: Qty 4 | J116: Quantity | K116: Unit | L116: Wastage % | M116: Wastage Qty | N116: Item Qty | O116: Resource Rate | P116: Amount | Q116: Total Qty | R116: Total Amount
A118: 1 | B118: PRJ-CIV-L-002 | C118: =VLOOKUP(B118,'Project Resource Master'!C:N,5,0) -> Brick Mason | D118: 10 | E118: 1 | F118: 1 | G118: 1 | H118: 1 | I118: 1 | J118: =PRODUCT(D118:I118) -> 10 | K118: =VLOOKUP(B118,'Project Resource Master'!C:N,6,0) -> hr | L118: =VLOOKUP(B118,'Project Resource Master'!C:N,11,0) -> 0.1 | M118: =J118*L118 -> 1 | N118: =+J118+M118 -> 11 | O118: =VLOOKUP(B118,'Project Resource Master'!C:N,12,0) -> 50 | P118: =+O118*N118 -> 550 | Q118: =+N118*B114 -> 11 | R118: =Q118*O118 -> 550
A119: 2 | B119: PRJ-CIV-L-005 | C119: =VLOOKUP(B119,'Project Resource Master'!C:N,5,0) -> Helper | D119: 10 | E119: 1 | F119: 1 | G119: 1 | H119: 1 | I119: 1 | J119: =PRODUCT(D119:I119) -> 10 | K119: =VLOOKUP(B119,'Project Resource Master'!C:N,6,0) -> hr | L119: =VLOOKUP(B119,'Project Resource Master'!C:N,11,0) -> 0.05 | M119: =J119*L119 -> 0.5 | N119: =+J119+M119 -> 10.5 | O119: =VLOOKUP(B119,'Project Resource Master'!C:N,12,0) -> 50 | P119: =+O119*N119 -> 525 | Q119: =+N119*B114 -> 10.5 | R119: =Q119*O119 -> 525
A121: =B112 -> 2b | C121: Item Total Cost | P121: =SUM(P117:P120) -> 1075 | R121: =SUM(R117:R120) -> 1075
A124: BOQ Code | B124: 2c
A125: BOQ Description | B125: =VLOOKUP(B124,'Working BOQ'!A:K,9,0) -> Stripping out HVAC Systems
A126: BOQ Qty | B126: =VLOOKUP(B124,'Working BOQ'!A:N,14,0) -> 1
A127: Unit | B127: =VLOOKUP(B124,'Working BOQ'!A:K,11,0) -> L/s
A128: Sl. No. | B128: Resource Code | C128: Resource Description | D128: Nos | E128: Nos | F128: Qty 1 | G128: Qty 2 | H128: Qty 3 | I128: Qty 4 | J128: Quantity | K128: Unit | L128: Wastage % | M128: Wastage Qty | N128: Item Qty | O128: Resource Rate | P128: Amount | Q128: Total Qty | R128: Total Amount
A130: 1 | B130: PRJ-MEP-L-003 | C130: =VLOOKUP(B130,'Project Resource Master'!C:N,5,0) -> HVAC Technician | D130: 10 | E130: 1 | F130: 1 | G130: 1 | H130: 1 | I130: 1 | J130: =PRODUCT(D130:I130) -> 10 | K130: =VLOOKUP(B130,'Project Resource Master'!C:N,6,0) -> hr | L130: =VLOOKUP(B130,'Project Resource Master'!C:N,11,0) -> 0.1 | M130: =J130*L130 -> 1 | N130: =+J130+M130 -> 11 | O130: =VLOOKUP(B130,'Project Resource Master'!C:N,12,0) -> 50 | P130: =+O130*N130 -> 550 | Q130: =+N130*B126 -> 11 | R130: =Q130*O130 -> 550
A131: 2 | B131: PRJ-MEP-L-001 | C131: =VLOOKUP(B131,'Project Resource Master'!C:N,5,0) -> Helper | D131: 10 | E131: 1 | F131: 1 | G131: 1 | H131: 1 | I131: 1 | J131: =PRODUCT(D131:I131) -> 10 | K131: =VLOOKUP(B131,'Project Resource Master'!C:N,6,0) -> hr | L131: =VLOOKUP(B131,'Project Resource Master'!C:N,11,0) -> 0.1 | M131: =J131*L131 -> 1 | N131: =+J131+M131 -> 11 | O131: =VLOOKUP(B131,'Project Resource Master'!C:N,12,0) -> 50 | P131: =+O131*N131 -> 550 | Q131: =+N131*B126 -> 11 | R131: =Q131*O131 -> 550
A133: =B124 -> 2c | C133: Item Total Cost | P133: =SUM(P129:P132) -> 1100 | R133: =SUM(R129:R132) -> 1100
A136: BOQ Code | B136: 2d
A137: BOQ Description | B137: =VLOOKUP(B136,'Working BOQ'!A:K,9,0) -> Removal of Fire Sprinklers
A138: BOQ Qty | B138: =VLOOKUP(B136,'Working BOQ'!A:N,14,0) -> 1
A139: Unit | B139: =VLOOKUP(B136,'Working BOQ'!A:K,11,0) -> L/s
A140: Sl. No. | B140: Resource Code | C140: Resource Description | D140: Nos | E140: Nos | F140: Qty 1 | G140: Qty 2 | H140: Qty 3 | I140: Qty 4 | J140: Quantity | K140: Unit | L140: Wastage % | M140: Wastage Qty | N140: Item Qty | O140: Resource Rate | P140: Amount | Q140: Total Qty | R140: Total Amount
A142: 1 | B142: PRJ-MEP-L-002 | C142: =VLOOKUP(B142,'Project Resource Master'!C:N,5,0) -> Mechanic | D142: 10 | E142: 1 | F142: 1 | G142: 1 | H142: 1 | I142: 1 | J142: =PRODUCT(D142:I142) -> 10 | K142: =VLOOKUP(B142,'Project Resource Master'!C:N,6,0) -> hr | L142: =VLOOKUP(B142,'Project Resource Master'!C:N,11,0) -> 0.05 | M142: =J142*L142 -> 0.5 | N142: =+J142+M142 -> 10.5 | O142: =VLOOKUP(B142,'Project Resource Master'!C:N,12,0) -> 80 | P142: =+O142*N142 -> 840 | Q142: =+N142*B138 -> 10.5 | R142: =Q142*O142 -> 840
A143: 2 | B143: PRJ-MEP-L-001 | C143: =VLOOKUP(B143,'Project Resource Master'!C:N,5,0) -> Helper | D143: 10 | E143: 1 | F143: 1 | G143: 1 | H143: 1 | I143: 1 | J143: =PRODUCT(D143:I143) -> 10 | K143: =VLOOKUP(B143,'Project Resource Master'!C:N,6,0) -> hr | L143: =VLOOKUP(B143,'Project Resource Master'!C:N,11,0) -> 0.1 | M143: =J143*L143 -> 1 | N143: =+J143+M143 -> 11 | O143: =VLOOKUP(B143,'Project Resource Master'!C:N,12,0) -> 50 | P143: =+O143*N143 -> 550 | Q143: =+N143*B138 -> 11 | R143: =Q143*O143 -> 550
A145: =B136 -> 2d | C145: Item Total Cost | P145: =SUM(P141:P144) -> 1390 | R145: =SUM(R141:R144) -> 1390
A148: BOQ Code | B148: 2e
A149: BOQ Description | B149: =VLOOKUP(B148,'Working BOQ'!A:K,9,0) -> Removal of Smoke & Fire Detectors
A150: BOQ Qty | B150: =VLOOKUP(B148,'Working BOQ'!A:N,14,0) -> 1
A151: Unit | B151: =VLOOKUP(B148,'Working BOQ'!A:K,11,0) -> L/s
A152: Sl. No. | B152: Resource Code | C152: Resource Description | D152: Nos | E152: Nos | F152: Qty 1 | G152: Qty 2 | H152: Qty 3 | I152: Qty 4 | J152: Quantity | K152: Unit | L152: Wastage % | M152: Wastage Qty | N152: Item Qty | O152: Resource Rate | P152: Amount | Q152: Total Qty | R152: Total Amount
...

Sheet Vendor Comparison
A1: Sl. No. | B1: BOQ Code | C1: Item Description | D1: Qty | E1: Unit | F1: Vendor 1 | H1: Vendor 2 | J1: Vendor 3 | L1: Selected
F2: Rate | G2: Amount | H2: Rate | I2: Amount | J2: Rate | K2: Amount | L2: Rate | M2: Amount
A3: 1 | B3: 3d | C3: =VLOOKUP(B3,'Working BOQ'!A:N,9,0) -> Pre-tensioning works | D3: =VLOOKUP(B3,'Working BOQ'!A:N,10,0) -> 1 | E3: =VLOOKUP(B3,'Working BOQ'!A:N,11,0) -> L/s | F3: 150000 | G3: =+F3*D3 -> 150000 | H3: 125000 | I3: =+H3*D3 -> 125000 | J3: 123500 | K3: =+J3*D3 -> 123500 | L3: =MIN(F3,H3,J3) -> 123500 | M3: =+L3*D3 -> 123500
C5: Total Amount | G5: =SUM(G3:G4) -> 150000 | I5: =SUM(I3:I4) -> 125000 | K5: =SUM(K3:K4) -> 123500 | M5: =SUM(M3:M4) -> 123500
A8: Sl. No. | B8: BOQ Code | C8: Item Description | D8: Qty | E8: Unit | F8: Vendor 1 | H8: Vendor 4 | J8: Vendor 5 | L8: Selected
F9: Rate | G9: Amount | H9: Rate | I9: Amount | J9: Rate | K9: Amount | L9: Rate | M9: Amount
A10: 1 | B10: 3e | C10: =VLOOKUP(B10,'Working BOQ'!A:N,9,0) -> Shuttering for Columns | D10: =VLOOKUP(B10,'Working BOQ'!A:N,10,0) -> 6850 | E10: =VLOOKUP(B10,'Working BOQ'!A:N,11,0) -> sqm | F10: 250 | G10: =+F10*D10 -> 1712500 | H10: 200 | I10: =+H10*D10 -> 1370000 | J10: 150 | K10: =+J10*D10 -> 1027500 | L10: =MIN(F10,H10,J10) -> 150 | M10: =+L10*D10 -> 1027500
A11: 2 | B11: 3f | C11: =VLOOKUP(B11,'Working BOQ'!A:N,9,0) -> Shuttering for Beams | D11: =VLOOKUP(B11,'Working BOQ'!A:N,10,0) -> 1000 | E11: =VLOOKUP(B11,'Working BOQ'!A:N,11,0) -> sqm | F11: 250 | G11: =+F11*D11 -> 250000 | H11: 280 | I11: =+H11*D11 -> 280000 | J11: 180 | K11: =+J11*D11 -> 180000 | L11: =MIN(F11,H11,J11) -> 180 | M11: =+L11*D11 -> 180000
A12: 3 | B12: 3g | C12: =VLOOKUP(B12,'Working BOQ'!A:N,9,0) -> Shuttering for Slabs | D12: =VLOOKUP(B12,'Working BOQ'!A:N,10,0) -> 2000 | E12: =VLOOKUP(B12,'Working BOQ'!A:N,11,0) -> sqm | F12: 250 | G12: =+F12*D12 -> 500000 | H12: 200 | I12: =+H12*D12 -> 400000 | J12: 190 | K12: =+J12*D12 -> 380000 | L12: =MIN(F12,H12,J12) -> 190 | M12: =+L12*D12 -> 380000
C14: Total Amount | G14: =SUM(G10:G13) -> 2462500 | I14: =SUM(I10:I13) -> 2050000 | K14: =SUM(K10:K13) -> 1587500 | M14: =SUM(M10:M13) -> 1587500
A17: Sl. No. | B17: BOQ Code | C17: Item Description | D17: Qty | E17: Unit | F17: Vendor 2 | H17: Vendor 6 | J17: Vendor 7 | L17: Selected
F18: Rate | G18: Amount | H18: Rate | I18: Amount | J18: Rate | K18: Amount | L18: Rate | M18: Amount
A19: 1 | B19: 3h | C19: =VLOOKUP(B19,'Working BOQ'!A:N,9,0) -> Scaffolding for Columns | D19: =VLOOKUP(B19,'Working BOQ'!A:N,10,0) -> 6850 | E19: =VLOOKUP(B19,'Working BOQ'!A:N,11,0) -> sqm | F19: 100 | G19: =+F19*D19 -> 685000 | H19: 80 | I19: =+H19*D19 -> 548000 | J19: 120 | K19: =+J19*D19 -> 822000 | L19: =MIN(F19,H19,J19) -> 80 | M19: =+L19*D19 -> 548000
A20: 2 | B20: 3i | C20: =VLOOKUP(B20,'Working BOQ'!A:N,9,0) -> Scaffolding for Beams | D20: =VLOOKUP(B20,'Working BOQ'!A:N,10,0) -> 1400 | E20: =VLOOKUP(B20,'Working BOQ'!A:N,11,0) -> sqm | F20: 100 | G20: =+F20*D20 -> 140000 | H20: 90 | I20: =+H20*D20 -> 126000 | J20: 50 | K20: =+J20*D20 -> 70000 | L20: =MIN(F20,H20,J20) -> 50 | M20: =+L20*D20 -> 70000
A21: 3 | B21: 3j | C21: =VLOOKUP(B21,'Working BOQ'!A:N,9,0) -> Scaffolding for Slabs | D21: =VLOOKUP(B21,'Working BOQ'!A:N,10,0) -> 2000 | E21: =VLOOKUP(B21,'Working BOQ'!A:N,11,0) -> sqm | F21: 100 | G21: =+F21*D21 -> 200000 | H21: 100 | I21: =+H21*D21 -> 200000 | J21: 80 | K21: =+J21*D21 -> 160000 | L21: =MIN(F21,H21,J21) -> 80 | M21: =+L21*D21 -> 160000
C23: Total Amount | G23: =SUM(G19:G22) -> 1025000 | I23: =SUM(I19:I22) -> 874000 | K23: =SUM(K19:K22) -> 1052000 | M23: =SUM(M19:M22) -> 778000
A26: Sl. No. | B26: BOQ Code | C26: Item Description | D26: Qty | E26: Unit | F26: Vendor 2 | H26: Vendor 6 | J26: Vendor 7 | L26: Selected
F27: Rate | G27: Amount | H27: Rate | I27: Amount | J27: Rate | K27: Amount | L27: Rate | M27: Amount
A28: 1 | B28: 3k | C28: =VLOOKUP(B28,'Working BOQ'!A:N,9,0) -> 100mm Gypsum Partitions | D28: =VLOOKUP(B28,'Working BOQ'!A:N,10,0) -> 680 | E28: =VLOOKUP(B28,'Working BOQ'!A:N,11,0) -> sqm | F28: 150 | G28: =+F28*D28 -> 102000 | H28: 125 | I28: =+H28*D28 -> 85000 | J28: 200 | K28: =+J28*D28 -> 136000 | L28: =MIN(F28,H28,J28) -> 125 | M28: =+L28*D28 -> 85000
A29: 2 | B29: 3l | C29: =VLOOKUP(B29,'Working BOQ'!A:N,9,0) -> 150mm Gypsum Partitions | D29: =VLOOKUP(B29,'Working BOQ'!A:N,10,0) -> 680 | E29: =VLOOKUP(B29,'Working BOQ'!A:N,11,0) -> sqm | F29: 150 | G29: =+F29*D29 -> 102000 | H29: 150 | I29: =+H29*D29 -> 102000 | J29: 100 | K29: =+J29*D29 -> 68000 | L29: =MIN(F29,H29,J29) -> 100 | M29: =+L29*D29 -> 68000
A30: 3 | B30: 3m | C30: =VLOOKUP(B30,'Working BOQ'!A:N,9,0) -> 200mm Gypsum Partitions | D30: =VLOOKUP(B30,'Working BOQ'!A:N,10,0) -> 680 | E30: =VLOOKUP(B30,'Working BOQ'!A:N,11,0) -> sqm | F30: 150 | G30: =+F30*D30 -> 102000 | H30: 175 | I30: =+H30*D30 -> 119000 | J30: 50 | K30: =+J30*D30 -> 34000 | L30: =MIN(F30,H30,J30) -> 50 | M30: =+L30*D30 -> 34000
C32: Total Amount | G32: =SUM(G28:G31) -> 306000 | I32: =SUM(I28:I31) -> 306000 | K32: =SUM(K28:K31) -> 238000 | M32: =SUM(M28:M31) -> 187000
A35: Sl. No. | B35: BOQ Code | C35: Item Description | D35: Qty | E35: Unit | F35: Vendor 1 | H35: Vendor 3 | J35: Vendor 5 | L35: Selected
F36: Rate | G36: Amount | H36: Rate | I36: Amount | J36: Rate | K36: Amount | L36: Rate | M36: Amount
A37: 1 | B37: 4f | C37: =VLOOKUP(B37,'Working BOQ'!A:N,9,0) -> 600x600mm Porcelain Tile Flooring | D37: =VLOOKUP(B37,'Working BOQ'!A:N,10,0) -> 1500 | E37: =VLOOKUP(B37,'Working BOQ'!A:N,11,0) -> sqm | F37: 150 | G37: =+F37*D37 -> 225000 | H37: 125 | I37: =+H37*D37 -> 187500 | J37: 200 | K37: =+J37*D37 -> 300000 | L37: =MIN(F37,H37,J37) -> 125 | M37: =+L37*D37 -> 187500
C39: Total Amount | G39: =SUM(G37:G38) -> 225000 | I39: =SUM(I37:I38) -> 187500 | K39: =SUM(K37:K38) -> 300000 | M39: =SUM(M37:M38) -> 187500
A42: Sl. No. | B42: BOQ Code | C42: Item Description | D42: Qty | E42: Unit | F42: Vendor 2 | H42: Vendor 4 | J42: Vendor 6 | L42: Selected
F43: Rate | G43: Amount | H43: Rate | I43: Amount | J43: Rate | K43: Amount | L43: Rate | M43: Amount
A44: 1 | B44: 4g | C44: =VLOOKUP(B44,'Working BOQ'!A:N,9,0) -> Interior Emulsion Paint Finish | D44: =VLOOKUP(B44,'Working BOQ'!A:N,10,0) -> 3720 | E44: =VLOOKUP(B44,'Working BOQ'!A:N,11,0) -> sqm | F44: 50 | G44: =+F44*D44 -> 186000 | H44: 75 | I44: =+H44*D44 -> 279000 | J44: 45 | K44: =+J44*D44 -> 167400 | L44: =MIN(F44,H44,J44) -> 45 | M44: =+L44*D44 -> 167400
A45: 2 | B45: 4h | C45: =VLOOKUP(B45,'Working BOQ'!A:N,9,0) -> Exerior Emulsion Paint Finish | D45: =VLOOKUP(B45,'Working BOQ'!A:N,10,0) -> 1560 | E45: =VLOOKUP(B45,'Working BOQ'!A:N,11,0) -> sqm | F45: 50 | G45: =+F45*D45 -> 78000 | H45: 50 | I45: =+H45*D45 -> 78000 | J45: 45 | K45: =+J45*D45 -> 70200 | L45: =MIN(F45,H45,J45) -> 45 | M45: =+L45*D45 -> 70200
A46: 3 | B46: 4i | C46: =VLOOKUP(B46,'Working BOQ'!A:N,9,0) -> Decorative Texture Plaster Finish | D46: =VLOOKUP(B46,'Working BOQ'!A:N,10,0) -> 1000 | E46: =VLOOKUP(B46,'Working BOQ'!A:N,11,0) -> sqm | F46: 50 | G46: =+F46*D46 -> 50000 | H46: 25 | I46: =+H46*D46 -> 25000 | J46: 45 | K46: =+J46*D46 -> 45000 | L46: =MIN(F46,H46,J46) -> 25 | M46: =+L46*D46 -> 25000
C48: Total Amount | G48: =SUM(G44:G47) -> 314000 | I48: =SUM(I44:I47) -> 382000 | K48: =SUM(K44:K47) -> 282600 | M48: =SUM(M44:M47) -> 262600
A51: Sl. No. | B51: BOQ Code | C51: Item Description | D51: Qty | E51: Unit | F51: Vendor 1 | H51: Vendor 3 | J51: Vendor 5 | L51: Selected
F52: Rate | G52: Amount | H52: Rate | I52: Amount | J52: Rate | K52: Amount | L52: Rate | M52: Amount
A53: 1 | B53: 3p | C53: =VLOOKUP(B53,'Working BOQ'!A:N,9,0) -> Gypsum False Ceiling | D53: =VLOOKUP(B53,'Working BOQ'!A:N,10,0) -> 300 | E53: =VLOOKUP(B53,'Working BOQ'!A:N,11,0) -> sqm | F53: 150 | G53: =+F53*D53 -> 45000 | H53: 125 | I53: =+H53*D53 -> 37500 | J53: 200 | K53: =+J53*D53 -> 60000 | L53: =MIN(F53,H53,J53) -> 125 | M53: =+L53*D53 -> 37500
C55: Total Amount | G55: =SUM(G53:G54) -> 45000 | I55: =SUM(I53:I54) -> 37500 | K55: =SUM(K53:K54) -> 60000 | M55: =SUM(M53:M54) -> 37500

Sheet Material Supplier Comparison
A1: Sl. No. | B1: Project Resouce Code | C1: Resource Description | D1: Quote Qty | E1: Unit | F1: Supplier 1 | H1: Supplier 2 | J1: Supplier 3 | L1: Selected
F2: Rate | G2: Amount | H2: Rate | I2: Amount | J2: Rate | K2: Amount | L2: Rate | M2: Amount
A3: 1 | B3: PRJ-CIV-M-CEM-001 | C3: =VLOOKUP(B3,'Project Resource Master'!C:O,5,0) -> Cement OPC 43 Grade | D3: =VLOOKUP(B3,'Project Resource Master'!C:O,13,0) -> 98309.75 | E3: =VLOOKUP(B3,'Project Resource Master'!C:H,6,0) -> bag | F3: 50 | G3: =+F3*D3 -> 4915487.5 | H3: 400 | I3: =+H3*D3 -> 39323900 | J3: 80 | K3: =+J3*D3 -> 7864780 | L3: =MIN(F3,H3,J3) -> 50 | M3: =+L3*D3 -> 4915487.5
A4: 2 | B4: PRJ-CIV-M-CEM-002 | C4: =VLOOKUP(B4,'Project Resource Master'!C:O,5,0) -> Cement OPC 53 Grade | D4: =VLOOKUP(B4,'Project Resource Master'!C:O,13,0) -> 5250 | E4: =VLOOKUP(B4,'Project Resource Master'!C:H,6,0) -> bag | F4: 50 | G4: =+F4*D4 -> 262500 | H4: 400 | I4: =+H4*D4 -> 2100000 | J4: 5000 | K4: =+J4*D4 -> 26250000 | L4: =MIN(F4,H4,J4) -> 50 | M4: =+L4*D4 -> 262500
A5: 3 | B5: PRJ-CIV-M-SND-001 | C5: =VLOOKUP(B5,'Project Resource Master'!C:O,5,0) -> M-Sand Grade A | D5: =VLOOKUP(B5,'Project Resource Master'!C:O,13,0) -> 1567.5 | E5: =VLOOKUP(B5,'Project Resource Master'!C:H,6,0) -> unit | F5: 50 | G5: =+F5*D5 -> 78375 | H5: 400 | I5: =+H5*D5 -> 627000 | J5: 80 | K5: =+J5*D5 -> 125400 | L5: =MIN(F5,H5,J5) -> 50 | M5: =+L5*D5 -> 78375
A6: 4 | B6: PRJ-CIV-M-SND-002 | C6: =VLOOKUP(B6,'Project Resource Master'!C:O,5,0) -> M-Sand Grade B | D6: =VLOOKUP(B6,'Project Resource Master'!C:O,13,0) -> 630 | E6: =VLOOKUP(B6,'Project Resource Master'!C:H,6,0) -> unit | F6: 1000 | G6: =+F6*D6 -> 630000 | H6: 400 | I6: =+H6*D6 -> 252000 | J6: 5000 | K6: =+J6*D6 -> 3150000 | L6: =MIN(F6,H6,J6) -> 400 | M6: =+L6*D6 -> 252000
A7: 5 | B7: PRJ-CIV-M-SND-003 | C7: =VLOOKUP(B7,'Project Resource Master'!C:O,5,0) -> P-Sand Grade A | D7: =VLOOKUP(B7,'Project Resource Master'!C:O,13,0) -> 19914.3 | E7: =VLOOKUP(B7,'Project Resource Master'!C:H,6,0) -> unit | F7: 50 | G7: =+F7*D7 -> 995715 | H7: 400 | I7: =+H7*D7 -> 7965720 | J7: 80 | K7: =+J7*D7 -> 1593144 | L7: =MIN(F7,H7,J7) -> 50 | M7: =+L7*D7 -> 995715
A8: 6 | B8: PRJ-CIV-M-WTR-001 | C8: =VLOOKUP(B8,'Project Resource Master'!C:O,5,0) -> Water - Grade A | D8: =VLOOKUP(B8,'Project Resource Master'!C:O,13,0) -> 214105.5 | E8: =VLOOKUP(B8,'Project Resource Master'!C:H,6,0) -> ltr | F8: 50 | G8: =+F8*D8 -> 10705275 | H8: 400 | I8: =+H8*D8 -> 85642200 | J8: 80 | K8: =+J8*D8 -> 17128440 | L8: =MIN(F8,H8,J8) -> 50 | M8: =+L8*D8 -> 10705275
A9: 7 | B9: PRJ-CIV-M-WTR-002 | C9: =VLOOKUP(B9,'Project Resource Master'!C:O,5,0) -> Water - Grade B | D9: =VLOOKUP(B9,'Project Resource Master'!C:O,13,0) -> 6600 | E9: =VLOOKUP(B9,'Project Resource Master'!C:H,6,0) -> ltr | F9: 5000 | G9: =+F9*D9 -> 33000000 | H9: 400 | I9: =+H9*D9 -> 2640000 | J9: 80 | K9: =+J9*D9 -> 528000 | L9: =MIN(F9,H9,J9) -> 80 | M9: =+L9*D9 -> 528000
A10: 8 | B10: PRJ-CIV-M-BRK-001 | C10: =VLOOKUP(B10,'Project Resource Master'!C:O,5,0) -> Hollow Block Grade A | D10: =VLOOKUP(B10,'Project Resource Master'!C:O,13,0) -> 144900 | E10: =VLOOKUP(B10,'Project Resource Master'!C:H,6,0) -> nos | F10: 50 | G10: =+F10*D10 -> 7245000 | H10: 400 | I10: =+H10*D10 -> 57960000 | J10: 80 | K10: =+J10*D10 -> 11592000 | L10: =MIN(F10,H10,J10) -> 50 | M10: =+L10*D10 -> 7245000
A11: 9 | B11: PRJ-CIV-M-BRK-002 | C11: =VLOOKUP(B11,'Project Resource Master'!C:O,5,0) -> Solid Block Grade A | D11: =VLOOKUP(B11,'Project Resource Master'!C:O,13,0) -> 303600 | E11: =VLOOKUP(B11,'Project Resource Master'!C:H,6,0) -> nos | F11: 50 | G11: =+F11*D11 -> 15180000 | H11: 400 | I11: =+H11*D11 -> 121440000 | J11: 80 | K11: =+J11*D11 -> 24288000 | L11: =MIN(F11,H11,J11) -> 50 | M11: =+L11*D11 -> 15180000
A12: 10 | B12: PRJ-ID-M-BRD-001 | C12: =VLOOKUP(B12,'Project Resource Master'!C:O,5,0) -> 18mm MDF - Normal | D12: =VLOOKUP(B12,'Project Resource Master'!C:O,13,0) -> 1259.6354 | E12: =VLOOKUP(B12,'Project Resource Master'!C:H,6,0) -> board | F12: 50 | G12: =+F12*D12 -> 62981.771 | H12: 400 | I12: =+H12*D12 -> 503854.17 | J12: 2500 | K12: =+J12*D12 -> 3149088.5 | L12: =MIN(F12,H12,J12) -> 50 | M12: =+L12*D12 -> 62981.771
A13: 11 | B13: PRJ-ID-M-BRD-003 | C13: =VLOOKUP(B13,'Project Resource Master'!C:O,5,0) -> 9mm MDF - MR Grade | D13: =VLOOKUP(B13,'Project Resource Master'!C:O,13,0) -> 364.58333 | E13: =VLOOKUP(B13,'Project Resource Master'!C:H,6,0) -> board | F13: 50 | G13: =+F13*D13 -> 18229.167 | H13: 400 | I13: =+H13*D13 -> 145833.33 | J13: 80 | K13: =+J13*D13 -> 29166.667 | L13: =MIN(F13,H13,J13) -> 50 | M13: =+L13*D13 -> 18229.167
A14: 12 | B14: PRJ-ID-M-BRD-002 | C14: =VLOOKUP(B14,'Project Resource Master'!C:O,5,0) -> 18mm MDF - MR Grade | D14: =VLOOKUP(B14,'Project Resource Master'!C:O,13,0) -> 381.94444 | E14: =VLOOKUP(B14,'Project Resource Master'!C:H,6,0) -> board | F14: 50 | G14: =+F14*D14 -> 19097.222 | H14: 400 | I14: =+H14*D14 -> 152777.78 | J14: 80 | K14: =+J14*D14 -> 30555.556 | L14: =MIN(F14,H14,J14) -> 50 | M14: =+L14*D14 -> 19097.222
... A24: 22 | B24: PRJ-ID-M-DR-004 | C24: =VLOOKUP(B24,'Project Resource Master'!C:O,5,0) -> 64mm thick 120mins FR Door Core | D24: =VLOOKUP(B24,'Project Resource Master'!C:O,13,0) -> 11 | E24: =VLOOKUP(B24,'Project Resource Master'!C:H,6,0) -> board | F24: 50 | G24: =+F24*D24 -> 550 | H24: 400 | I24: =+H24*D24 -> 4400 | J24: 80 | K24: =+J24*D24 -> 880 | L24: =MIN(F24,H24,J24) -> 50 | M24: =+L24*D24 -> 550
C26: Total Amount | G26: =SUM(G3:G25) -> 84490523 | I26: =SUM(I3:I25) -> 3.2370986e+08 | K26: =SUM(K3:K25) -> 1.0960309e+08 | M26: =SUM(M3:M25) -> 40963342

Sheet Labour Comparison
A1: Sl. No. | B1: Project Resouce Code | C1: Resource Description | D1: Quote Qty | E1: Unit | F1: Supplier 1 | H1: Supplier 2 | J1: Supplier 3 | L1: Selected
F2: Rate | G2: Amount | H2: Rate | I2: Amount | J2: Rate | K2: Amount | L2: Rate | M2: Amount
A3: 1 | B3: PRJ-CIV-L-001 | C3: =VLOOKUP(B3,'Project Resource Master'!C:O,5,0) -> Stone Mason | D3: =VLOOKUP(B3,'Project Resource Master'!C:O,13,0) -> 10.5 | E3: =VLOOKUP(B3,'Project Resource Master'!C:H,6,0) -> hr | F3: 1000 | G3: =+F3*D3 -> 10500 | H3: 100 | I3: =+H3*D3 -> 1050 | J3: 80 | K3: =+J3*D3 -> 840 | L3: =MIN(F3,H3,J3) -> 80 | M3: =+L3*D3 -> 840
A4: 2 | B4: PRJ-CIV-L-002 | C4: =VLOOKUP(B4,'Project Resource Master'!C:O,5,0) -> Brick Mason | D4: =VLOOKUP(B4,'Project Resource Master'!C:O,13,0) -> 22 | E4: =VLOOKUP(B4,'Project Resource Master'!C:H,6,0) -> hr | F4: 50 | G4: =+F4*D4 -> 1100 | H4: 100 | I4: =+H4*D4 -> 2200 | J4: 80 | K4: =+J4*D4 -> 1760 | L4: =MIN(F4,H4,J4) -> 50 | M4: =+L4*D4 -> 1100
A5: 3 | B5: PRJ-CIV-L-003 | C5: =VLOOKUP(B5,'Project Resource Master'!C:O,5,0) -> Plastering Mason | D5: =VLOOKUP(B5,'Project Resource Master'!C:O,13,0) -> 144018 | E5: =VLOOKUP(B5,'Project Resource Master'!C:H,6,0) -> hr | F5: 50 | G5: =+F5*D5 -> 7200900 | H5: 100 | I5: =+H5*D5 -> 14401800 | J5: 100 | K5: =+J5*D5 -> 14401800 | L5: =MIN(F5,H5,J5) -> 50 | M5: =+L5*D5 -> 7200900
A6: 4 | B6: PRJ-CIV-L-004 | C6: =VLOOKUP(B6,'Project Resource Master'!C:O,5,0) -> Concrete Mason | D6: =VLOOKUP(B6,'Project Resource Master'!C:O,13,0) -> 11137.5 | E6: =VLOOKUP(B6,'Project Resource Master'!C:H,6,0) -> hr | F6: 1000 | G6: =+F6*D6 -> 11137500 | H6: 100 | I6: =+H6*D6 -> 1113750 | J6: 100 | K6: =+J6*D6 -> 1113750 | L6: =MIN(F6,H6,J6) -> 100 | M6: =+L6*D6 -> 1113750
A7: 5 | B7: PRJ-CIV-L-005 | C7: =VLOOKUP(B7,'Project Resource Master'!C:O,5,0) -> Helper | D7: =VLOOKUP(B7,'Project Resource Master'!C:O,13,0) -> 154681.8 | E7: =VLOOKUP(B7,'Project Resource Master'!C:H,6,0) -> hr | F7: 50 | G7: =+F7*D7 -> 7734090 | H7: 100 | I7: =+H7*D7 -> 15468180 | J7: 100 | K7: =+J7*D7 -> 15468180 | L7: =MIN(F7,H7,J7) -> 50 | M7: =+L7*D7 -> 7734090
A8: 6 | B8: PRJ-MEP-L-001 | C8: =VLOOKUP(B8,'Project Resource Master'!C:O,5,0) -> Helper | D8: =VLOOKUP(B8,'Project Resource Master'!C:O,13,0) -> 77 | E8: =VLOOKUP(B8,'Project Resource Master'!C:H,6,0) -> hr | F8: 50 | G8: =+F8*D8 -> 3850 | H8: 100 | I8: =+H8*D8 -> 7700 | J8: 80 | K8: =+J8*D8 -> 6160 | L8: =MIN(F8,H8,J8) -> 50 | M8: =+L8*D8 -> 3850
A9: 7 | B9: PRJ-MEP-L-002 | C9: =VLOOKUP(B9,'Project Resource Master'!C:O,5,0) -> Mechanic | D9: =VLOOKUP(B9,'Project Resource Master'!C:O,13,0) -> 42 | E9: =VLOOKUP(B9,'Project Resource Master'!C:H,6,0) -> hr | F9: 5000 | G9: =+F9*D9 -> 210000 | H9: 100 | I9: =+H9*D9 -> 4200 | J9: 80 | K9: =+J9*D9 -> 3360 | L9: =MIN(F9,H9,J9) -> 80 | M9: =+L9*D9 -> 3360
A10: 8 | B10: PRJ-MEP-L-003 | C10: =VLOOKUP(B10,'Project Resource Master'!C:O,5,0) -> HVAC Technician | D10: =VLOOKUP(B10,'Project Resource Master'!C:O,13,0) -> 11 | E10: =VLOOKUP(B10,'Project Resource Master'!C:H,6,0) -> hr | F10: 50 | G10: =+F10*D10 -> 550 | H10: 100 | I10: =+H10*D10 -> 1100 | J10: 80 | K10: =+J10*D10 -> 880 | L10: =MIN(F10,H10,J10) -> 50 | M10: =+L10*D10 -> 550
A11: 9 | B11: PRJ-MEP-L-004 | C11: =VLOOKUP(B11,'Project Resource Master'!C:O,5,0) -> IT Technician | D11: =VLOOKUP(B11,'Project Resource Master'!C:O,13,0) -> 21 | E11: =VLOOKUP(B11,'Project Resource Master'!C:H,6,0) -> hr | F11: 50 | G11: =+F11*D11 -> 1050 | H11: 100 | I11: =+H11*D11 -> 2100 | J11: 80 | K11: =+J11*D11 -> 1680 | L11: =MIN(F11,H11,J11) -> 50 | M11: =+L11*D11 -> 1050
A12: 10 | B12: PRJ-ID-L-002 | C12: =VLOOKUP(B12,'Project Resource Master'!C:O,5,0) -> Helper | D12: =VLOOKUP(B12,'Project Resource Master'!C:O,13,0) -> 32534.4 | E12: =VLOOKUP(B12,'Project Resource Master'!C:H,6,0) -> hr | F12: 100 | G12: =+F12*D12 -> 3253440 | H12: 100 | I12: =+H12*D12 -> 3253440 | J12: 100 | K12: =+J12*D12 -> 3253440 | L12: =MIN(F12,H12,J12) -> 100 | M12: =+L12*D12 -> 3253440
A13: 11 | B13: PRJ-ID-L-001 | C13: =VLOOKUP(B13,'Project Resource Master'!C:O,5,0) -> Carpenter | D13: =VLOOKUP(B13,'Project Resource Master'!C:O,13,0) -> 32474.4 | E13: =VLOOKUP(B13,'Project Resource Master'!C:H,6,0) -> hr | F13: 100 | G13: =+F13*D13 -> 3247440 | H13: 100 | I13: =+H13*D13 -> 3247440 | J13: 100 | K13: =+J13*D13 -> 3247440 | L13: =MIN(F13,H13,J13) -> 100 | M13: =+L13*D13 -> 3247440
C15: Total Amount | G15: =SUM(G3:G14) -> 32800420 | I15: =SUM(I3:I14) -> 37502960 | K15: =SUM(K3:K14) -> 37499290 | M15: =SUM(M3:M14) -> 22560370

Sheet Submission Client BOQ
A1: Project - Interior Refurbishment for Medical Institute, Location A
A2: Bill of Quantities
A3: Sl. No. | B3: Description | C3: Quantity | D3: Unit | E3: Rate | F3: Amount
A4: 1 | B4: Preliminaries
A6: a | B6: Site Co-ordination | C6: 1 | D6: L/s | E6: ='Working BOQ'!S12 -> 147500 | F6: =E6*C6 -> 147500
A8: b | B8: Shop Drawings | C8: 1 | D8: L/s | E8: ='Working BOQ'!S13 -> 147500 | F8: =E8*C8 -> 147500
A10: c | B10: As-Built Drawings | C10: 1 | D10: L/s | E10: ='Working BOQ'!S14 -> 147500 | F10: =E10*C10 -> 147500
A12: d | B12: Material Submittals | C12: 1 | D12: L/s | E12: ='Working BOQ'!S15 -> 147500 | F12: =E12*C12 -> 147500
A14: e | B14: Sample Preparation | C14: 1 | D14: L/s | E14: ='Working BOQ'!S16 -> 147500 | F14: =E14*C14 -> 147500
A16: f | B16: Mock-ups | C16: 1 | D16: L/s | E16: ='Working BOQ'!S17 -> 147500 | F16: =E16*C16 -> 147500
A18: g | B18: Bonds | C18: 1 | D18: L/s | E18: ='Working BOQ'!S18 -> 147500 | F18: =E18*C18 -> 147500
A20: h | B20: Site-Office Setup | C20: 1 | D20: L/s | E20: ='Working BOQ'!S19 -> 147500 | F20: =E20*C20 -> 147500
A22: i | B22: Insurances | C22: 1 | D22: L/s | E22: ='Working BOQ'!S20 -> 147500 | F22: =E22*C22 -> 147500
B24: Page 1 - Sub-total | F24: =SUM(F4:F23) -> 1327500
B26: Summary
B28: 1 - Preliminaries
B30: Page 1 - subtotal | F30: =F24 -> 1327500
B32: 1 - Preliminaries Sub-total | F32: =SUM(F26:F31) -> 1327500
A34: 2 | B34: Demolition
A36: a | B36: Demolition of Blockwork | C36: 1 | D36: L/s | E36: ='Working BOQ'!S23 -> 2013.375 | F36: =E36*C36 -> 2013.375
A38: b | B38: Demolition of Gypsum Partition | C38: 1 | D38: L/s | E38: ='Working BOQ'!S24 -> 1585.625 | F38: =E38*C38 -> 1585.625
A40: c | B40: Stripping out HVAC Systems | C40: 1 | D40: L/s | E40: ='Working BOQ'!S25 -> 1622.5 | F40: =E40*C40 -> 1622.5
A42: d | B42: Removal of Fire Sprinklers | C42: 1 | D42: L/s | E42: ='Working BOQ'!S26 -> 2050.25 | F42: =E42*C42 -> 2050.25
A44: e | B44: Removal of Smoke & Fire Detectors | C44: 1 | D44: L/s | E44: ='Working BOQ'!S27 -> 2050.25 | F44: =E44*C44 -> 2050.25
A46: f | B46: Removal of Fire Hose Reel | C46: 1 | D46: L/s | E46: ='Working BOQ'!S28 -> 2050.25 | F46: =E46*C46 -> 2050.25
A48: g | B48: Removal of Fire Water Piping | C48: 1 | D48: L/s | E48: ='Working BOQ'!S29 -> 2050.25 | F48: =E48*C48 -> 2050.25
A50: h | B50: Removal of IT items | C50: 1 | D50: L/s | E50: ='Working BOQ'!S30 -> 1585.625 | F50: =E50*C50 -> 1585.625
A52: i | B52: Removal of Loose Furniture | C52: 1 | D52: L/s | E52: ='Working BOQ'!S31 -> 3540 | F52: =E52*C52 -> 3540
B54: Page 3 - Sub-total | F54: =SUM(F34:F53) -> 18548.125
A56: 2 | B56: Demolition (Contd.)
A58: j | B58: Removal of Wall Panelling | C58: 1 | D58: L/s | E58: ='Working BOQ'!S32 -> 3540 | F58: =E58*C58 -> 3540
A60: k | B60: Removal of Custom-Joinery | C60: 1 | D60: L/s | E60: ='Working BOQ'!S33 -> 3540 | F60: =E60*C60 -> 3540
A62: l | B62: Removal of CCTV | C62: 1 | D62: L/s | E62: ='Working BOQ'!S34 -> 1585.625 | F62: =E62*C62 -> 1585.625
A64: m | B64: Removal of Flooring | C64: 1 | D64: L/s | E64: ='Working BOQ'!S35 -> 1585.625 | F64: =E64*C64 -> 1585.625
A66: n | B66: Removal of Ceiling | C66: 1 | D66: L/s | E66: ='Working BOQ'!S36 -> 3540 | F66: =E66*C66 -> 3540
A68: o | B68: Removal of Signages | C68: 1 | D68: L/s | E68: ='Working BOQ'!S37 -> 1770 | F68: =E68*C68 -> 1770
A70: p | B70: Removal of Doors | C70: 1 | D70: L/s | E70: ='Working BOQ'!S38 -> 354 | F70: =E70*C70 -> 354
A72: q | B72: Removal of Windows | C72: 1 | D72: L/s | E72: ='Working BOQ'!S39 -> 354 | F72: =E72*C72 -> 354
A74: r | B74: Demolition of Glass Partition | C74: 1 | D74: L/s | E74: ='Working BOQ'!S40 -> 77.4375 | F74: =E74*C74 -> 77.4375
B76: Page 4 - Sub-total | F76: =SUM(F56:F75) -> 16346.688
B78: Summary
B80: 2 - Demolition
B82: Page 3 - subtotal | F82: =F54 -> 18548.125
B84: Page 4 - subtotal | F84: =F76 -> 16346.688
B86: 2 - Demolition Sub-total | F86: =SUM(F78:F85) -> 34894.812
A88: 3 | B88: Civil Works
A90: a | B90: M30 Concrete for Columns | C90: 1025 | D90: cbm | E90: ='Working BOQ'!S43 -> 2459.5625 | F90: =E90*C90 -> 2521051.6
A92: b | B92: M30 Concrete for Beams | C92: 100 | D92: cbm | E92: ='Working BOQ'!S44 -> 3503.125 | F92: =E92*C92 -> 350312.5
A94: c | B94: M30 Concrete for Slabs | C94: 400 | D94: cbm | E94: ='Working BOQ'!S45 -> 2441.125 | F94: =E94*C94 -> 976450
A96: d | B96: Pre-tensioning works | C96: 1 | D96: L/s | E96: ='Working BOQ'!S46 -> 182162.5 | F96: =E96*C96 -> 182162.5
A98: e | B98: Shuttering for Columns | C98: 6850 | D98: sqm | E98: ='Working BOQ'!S47 -> 221.25 | F98: =E98*C98 -> 1515562.5
A100: f | B100: Shuttering for Beams | C100: 1000 | D100: sqm | E100: ='Working BOQ'!S48 -> 265.5 | F100: =E100*C100 -> 265500
A102: g | B102: Shuttering for Slabs | C102: 2000 | D102: sqm | E102: ='Working BOQ'!S49 -> 280.25 | F102: =E102*C102 -> 560500
A104: h | B104: Scaffolding for Columns | C104: 6850 | D104: sqm | E104: ='Working BOQ'!S50 -> 118 | F104: =E104*C104 -> 808300
A106: i | B106: Scaffolding for Beams | C106: 1400 | D106: sqm | E106: ='Working BOQ'!S51 -> 73.75 | F106: =E106*C106 -> 103250
B108: Page 6 - Sub-total | F108: =SUM(F88:F107) -> 7283089.1
A110: 3 | B110: Civil Works (Contd.)
A112: j | B112: Scaffolding for Slabs | C112: 2000 | D112: sqm | E112: ='Working BOQ'!S52 -> 118 | F112: =E112*C112 -> 236000
A114: k | B114: 100mm Gypsum Partitions | C114: 680 | D114: sqm | E114: ='Working BOQ'!S53 -> 184.375 | F114: =E114*C114 -> 125375
A116: l | B116: 150mm Gypsum Partitions | C116: 680 | D116: sqm | E116: ='Working BOQ'!S54 -> 147.5 | F116: =E116*C116 -> 100300
A118: m | B118: 200mm Gypsum Partitions | C118: 680 | D118: sqm | E118: ='Working BOQ'!S55 -> 73.75 | F118: =E118*C118 -> 50150
A120: n | B120: 100mm Blockwork | C120: 1380 | D120: sqm | E120: ='Working BOQ'!S56 -> 13153.312 | F120: =E120*C120 -> 18151571
A122: o | B122: 200mm Blockwork | C122: 1000 | D122: sqm | E122: ='Working BOQ'!S57 -> 27044.125 | F122: =E122*C122 -> 27044125
A124: p | B124: Gypsum False Ceiling | C124: 300 | D124: sqm | E124: ='Working BOQ'!S58 -> 184.375 | F124: =E124*C124 -> 55312.5
B126: Page 7 - Sub-total | F126: =SUM(F110:F125) -> 45762834
B128: Summary
B130: 3 - Civil Works
B132: Page 6 - subtotal | F132: =F108 -> 7283089.1
B134: Page 7 - subtotal | F134: =F126 -> 45762834
B136: 3 - Civil Works Sub-total | F136: =SUM(F128:F135) -> 53045923
A138: 4 | B138: Finishing Works
A140: a | B140: Column Plastering | C140: 6000 | D140: sqm | E140: ='Working BOQ'!S61 -> 2031.8125 | F140: =E140*C140 -> 12190875
A142: b | B142: Beam Plastering | C142: 3000 | D142: sqm | E142: ='Working BOQ'!S62 -> 2031.8125 | F142: =E142*C142 -> 6095437.5
A144: c | B144: Ceiling Plastering | C144: 1500 | D144: sqm | E144: ='Working BOQ'!S63 -> 2031.8125 | F144: =E144*C144 -> 3047718.8
A146: d | B146: Jamb finishing for Doors | C146: 75 | D146: sqm | E146: ='Working BOQ'!S64 -> 5409.5625 | F146: =E146*C146 -> 405717.19
A148: e | B148: Jamb finishing for Windows | C148: 18 | D148: sqm | E148: ='Working BOQ'!S65 -> 5409.5625 | F148: =E148*C148 -> 97372.125
A150: f | B150: 600x600mm Porcelain Tile Flooring | C150: 1500 | D150: sqm | E150: ='Working BOQ'!S66 -> 184.375 | F150: =E150*C150 -> 276562.5
A152: g | B152: Interior Emulsion Paint Finish | C152: 3720 | D152: sqm | E152: ='Working BOQ'!S67 -> 66.375 | F152: =E152*C152 -> 246915
A154: h | B154: Exerior Emulsion Paint Finish | C154: 1560 | D154: sqm | E154: ='Working BOQ'!S68 -> 66.375 | F154: =E154*C154 -> 103545
A156: i | B156: Decorative Texture Plaster Finish | C156: 1000 | D156: sqm | E156: ='Working BOQ'!S69 -> 36.875 | F156: =E156*C156 -> 36875
B158: Page 9 - Sub-total | F158: =SUM(F138:F157) -> 22501018
B160: Summary
B162: 4 - Finishing Works
B164: Page 9 - subtotal | F164: =F158 -> 22501018
B166: 4 - Finishing Works Sub-total | F166: =SUM(F160:F165) -> 22501018
A168: 5 | B168: Joinery Works
A170: a | B170: D1 - Door | C170: 20 | D170: Nos | E170: ='Working BOQ'!S72 -> 8188.1347 | F170: =E170*C170 -> 163762.69
A172: b | B172: D2 - Door | C172: 10 | D172: Nos | E172: ='Working BOQ'!S73 -> 12501.444 | F172: =E172*C172 -> 125014.44
A174: c | B174: D3 - Door | C174: 10 | D174: Nos | E174: ='Working BOQ'!S74 -> 13316.464 | F174: =E174*C174 -> 133164.64
A176: d | B176: D4 - Door | C176: 5 | D176: Nos | E176: ='Working BOQ'!S75 -> 8612.1972 | F176: =E176*C176 -> 43060.986
A178: e | B178: D5 - Door | C178: 10 | D178: Nos | E178: ='Working BOQ'!S76 -> 7882.0722 | F178: =E178*C178 -> 78820.722
A180: f | B180: Wall Panelling A | C180: 160 | D180: sqm | E180: ='Working BOQ'!S77 -> 3277.112 | F180: =E180*C180 -> 524337.92
A182: g | B182: Wall Panelling B | C182: 80 | D182: sqm | E182: ='Working BOQ'!S78 -> 4967.124 | F182: =E182*C182 -> 397369.92
A184: h | B184: Ceiling Panelling | C184: 300 | D184: Nos | E184: ='Working BOQ'!S79 -> 16311.4 | F184: =E184*C184 -> 4893420.1
A186: i | B186: Wardrobe A | C186: 15 | D186: Nos | E186: ='Working BOQ'!S80 -> 15020.56 | F186: =E186*C186 -> 225308.4
A188: j | B188: Wardrobe B | C188: 10 | D188: Nos | E188: ='Working BOQ'!S81 -> 18989.575 | F188: =E188*C188 -> 189895.75
A190: k | B190: Reception Desk | C190: 100 | D190: Nos | E190: ='Working BOQ'!S82 -> 38260.834 | F190: =E190*C190 -> 3826083.4
B192: Page 11 - Sub-total | F192: =SUM(F168:F191) -> 10600239
B194: Summary
B196: 5 - Joinery Works
...
